year,month,mutation_name,count,collection_date,cumulative_count
2019,12,A21137G,1,2019-12-30,1
2019,12,A24325G,4,2019-12-30,4
2019,12,A3778G,1,2019-12-24,1
2019,12,A8001C,1,2019-12-30,1
2019,12,A8388G,1,2019-12-24,1
2019,12,C119G,1,2019-12-30,1
2019,12,C6968A,1,2019-12-26,1
2019,12,C8782T,1,2019-12-30,1
2019,12,C9534T,1,2019-12-30,1
2019,12,G124A,1,2019-12-30,1
2019,12,G20670A,1,2019-12-30,1
2019,12,G20679A,1,2019-12-30,1
2019,12,G21316A,1,2019-12-30,1
2019,12,G7016A,1,2019-12-30,1
2019,12,T104A,1,2019-12-30,1
2019,12,T111C,1,2019-12-30,1
2019,12,T112G,1,2019-12-30,1
2019,12,T11764A,1,2019-12-26,1
2019,12,T120C,1,2019-12-30,1
2019,12,T21656A,1,2019-12-30,1
2019,12,T28144C,1,2019-12-30,1
2019,12,T4946C,1,2019-12-30,1
2019,12,T6996C,1,2019-12-30,1
2019,12,T8987A,1,2019-12-24,1
