aa_label,first_date,second_date,days_to_second,per_abundance,count,abundance,freq_group
E_S68F,2020-01-01,2020-01-29,28,0.0892541804142502,5024,"[0.01%, 1%)","[0.01%, 0.1%)"
M_H125Y,2020-01-14,2020-03-12,58,0.14246203677187,8019,"[0.01%, 1%)","[0.1%, 10%)"
NS3_G172R,2020-01-14,2020-03-10,56,0.231431968203909,13027,"[0.01%, 1%)","[0.1%, 10%)"
NS3_G172V,2020-01-04,2020-01-25,21,1.99381118903481,112229,"[1%, 10%)","[0.1%, 10%)"
NS3_N257D,2020-01-10,2020-03-15,65,0.0417490692622389,2350,"[0.01%, 1%)","[0.01%, 0.1%)"
NS3_Q38R,2020-01-14,2020-03-10,56,0.229388928644267,12912,"[0.01%, 1%)","[0.1%, 10%)"
NS3_Q57H,2020-01-04,2020-01-10,6,6.86875229619881,386633,"[1%, 10%)","[0.1%, 10%)"
NS3_V202L,2020-01-14,2020-03-10,56,0.820484687152017,46184,"[0.01%, 1%)","[0.1%, 10%)"
NS7a_P34S,2020-01-01,2020-03-04,63,0.210735089186671,11862,"[0.01%, 1%)","[0.1%, 10%)"
NS8_D63Y,2020-01-10,2020-04-02,83,0.0531190285506784,2990,"[0.01%, 1%)","[0.01%, 0.1%)"
NS8_L84S,2019-12-30,2020-01-01,2,0.228607243943187,12868,"[0.01%, 1%)","[0.1%, 10%)"
NS8_S24L,2020-01-04,2020-01-25,21,2.14387688608082,120676,"[1%, 10%)","[0.1%, 10%)"
NS8_V32L,2020-01-01,2020-03-18,77,0.135959841303793,7653,"[0.01%, 1%)","[0.1%, 10%)"
NS8_V62L,2020-01-10,2020-01-15,5,0.421363585005014,23718,"[0.01%, 1%)","[0.1%, 10%)"
N_A220V,2020-01-10,2020-03-02,52,2.42260077870009,136365,"[1%, 10%)","[0.1%, 10%)"
N_D377Y,2020-01-04,2020-01-25,21,56.4677480445447,3178495,>=10%,>=10%
N_P199L,2020-01-04,2020-01-14,10,2.47284178630588,139193,"[1%, 10%)","[0.1%, 10%)"
N_P67S,2020-01-04,2020-01-25,21,1.92035059269466,108094,"[1%, 10%)","[0.1%, 10%)"
N_S194L,2020-01-01,2020-01-03,2,1.39527166030541,78538,"[1%, 10%)","[0.1%, 10%)"
N_S202N,2020-01-01,2020-01-25,24,0.0664787307145948,3742,"[0.01%, 1%)","[0.01%, 0.1%)"
N_T205I,2020-01-01,2020-01-29,28,2.03726575219032,114675,"[1%, 10%)","[0.1%, 10%)"
N_T391I,2020-01-10,2020-02-19,40,0.283040924036591,15932,"[0.01%, 1%)","[0.1%, 10%)"
ORF1a_A3657V,2020-01-14,2020-04-06,83,0.0448402769437834,2524,"[0.01%, 1%)","[0.01%, 0.1%)"
ORF1a_D953Y,2020-01-03,2020-03-16,73,0.072199241481591,4064,"[0.01%, 1%)","[0.01%, 0.1%)"
ORF1a_H1113Y,2020-01-14,2020-03-10,56,0.392938686783915,22118,"[0.01%, 1%)","[0.1%, 10%)"
ORF1a_I2244T,2019-12-30,2020-01-29,30,0.010463915657642,589,"[0.01%, 1%)","[0.01%, 0.1%)"
ORF1a_K1202N,2020-01-14,2020-03-04,50,0.339944017162954,19135,"[0.01%, 1%)","[0.1%, 10%)"
ORF1a_L3352F,2020-01-04,2020-01-25,21,2.02436795462249,113949,"[1%, 10%)","[0.1%, 10%)"
ORF1a_M2606I,2020-01-04,2020-01-25,21,0.798633046644547,44954,"[0.01%, 1%)","[0.1%, 10%)"
ORF1a_P971L,2020-01-04,2020-01-28,24,0.682712758586629,38429,"[0.01%, 1%)","[0.1%, 10%)"
ORF1a_S135N,2020-01-04,2020-03-16,72,0.0115298493409332,649,"[0.01%, 1%)","[0.01%, 0.1%)"
ORF1a_S2535L,2020-01-10,2020-03-09,59,0.181315319527834,10206,"[0.01%, 1%)","[0.1%, 10%)"
ORF1a_S3099L,2020-01-11,2020-03-23,72,0.135568998953253,7631,"[0.01%, 1%)","[0.1%, 10%)"
ORF1a_T2124I,2020-01-14,2020-02-25,42,0.244773904806437,13778,"[0.01%, 1%)","[0.1%, 10%)"
ORF1a_T265I,2020-01-04,2020-01-10,6,5.31922226635977,299412,"[1%, 10%)","[0.1%, 10%)"
ORF1a_T3090I,2019-12-30,2020-03-05,66,9.19257655358058,517438,"[1%, 10%)","[0.1%, 10%)"
ORF1a_V1291I,2020-01-10,2020-05-17,128,0.0273767300991958,1541,"[0.01%, 1%)","[0.01%, 0.1%)"
ORF1b_K2557R,2019-12-30,2020-01-24,25,1.617856378938,91067,"[1%, 10%)","[0.1%, 10%)"
ORF1b_N1653D,2020-01-04,2020-01-25,21,1.86909694808974,105209,"[1%, 10%)","[0.1%, 10%)"
ORF1b_P1594S,2020-01-01,2020-05-05,125,0.0146210570224777,823,"[0.01%, 1%)","[0.01%, 0.1%)"
ORF1b_P314L,2020-01-01,2020-01-03,2,99.205328673545,5584137,>=10%,>=10%
ORF1b_R2613C,2020-01-04,2020-01-25,21,1.90572953567218,107271,"[1%, 10%)","[0.1%, 10%)"
ORF1b_S1408L,2020-01-03,2020-02-10,38,0.0263107964159046,1481,"[0.01%, 1%)","[0.01%, 0.1%)"
ORF1b_T1453I,2020-01-10,2020-03-12,62,0.02929541072912,1649,"[0.01%, 1%)","[0.01%, 0.1%)"
ORF1b_V165I,2020-01-10,2020-03-16,66,0.0320313071829007,1803,"[0.01%, 1%)","[0.01%, 0.1%)"
ORF1b_V2178F,2020-01-01,2020-03-14,73,0.194763849498691,10963,"[0.01%, 1%)","[0.1%, 10%)"
Spike_D614G,2020-01-01,2020-01-03,2,99.2653940365985,5587518,>=10%,>=10%
Spike_H245Y,2020-01-01,2020-03-18,77,0.0712043700438525,4008,"[0.01%, 1%)","[0.01%, 0.1%)"
Spike_P681H,2020-01-01,2020-03-12,71,26.3913632368,1485535,>=10%,>=10%
Spike_S98F,2020-01-14,2020-01-16,2,0.608879085457325,34273,"[0.01%, 1%)","[0.1%, 10%)"
Spike_T95I,2020-01-10,2020-02-21,42,24.8469496886408,1398602,>=10%,>=10%
