collection_date,n_sequences,cum_seqs
2019-12-05,1,1
2019-12-24,1,2
2019-12-26,1,3
2019-12-30,20,23
2019-12-31,2,25
2020-01-01,71,96
2020-01-02,3,99
2020-01-03,11,110
2020-01-04,1,111
2020-01-05,3,114
2020-01-08,4,118
2020-01-09,2,120
2020-01-10,41,161
2020-01-11,3,164
2020-01-12,70,234
2020-01-13,7,241
2020-01-14,5,246
2020-01-15,6,252
2020-01-16,14,266
2020-01-17,7,273
2020-01-18,7,280
2020-01-19,24,304
2020-01-20,13,317
2020-01-21,32,349
2020-01-22,52,401
2020-01-23,49,450
2020-01-24,51,501
2020-01-25,72,573
2020-01-26,70,643
2020-01-27,59,702
2020-01-28,40,742
2020-01-29,88,830
2020-01-30,74,904
2020-01-31,60,964
2020-02-01,68,1032
2020-02-02,78,1110
2020-02-03,73,1183
2020-02-04,53,1236
2020-02-05,65,1301
2020-02-06,66,1367
2020-02-07,62,1429
2020-02-08,67,1496
2020-02-09,82,1578
2020-02-10,56,1634
2020-02-11,53,1687
2020-02-12,42,1729
2020-02-13,33,1762
2020-02-14,34,1796
2020-02-15,79,1875
2020-02-16,51,1926
2020-02-17,73,1999
2020-02-18,43,2042
2020-02-19,48,2090
2020-02-20,73,2163
2020-02-21,69,2232
2020-02-22,71,2303
2020-02-23,64,2367
2020-02-24,93,2460
2020-02-25,102,2562
2020-02-26,108,2670
2020-02-27,142,2812
2020-02-28,223,3035
2020-02-29,188,3223
2020-03-01,268,3491
2020-03-02,423,3914
2020-03-03,465,4379
2020-03-04,536,4915
2020-03-05,584,5499
2020-03-06,521,6020
2020-03-07,490,6510
2020-03-08,572,7082
2020-03-09,1144,8226
2020-03-10,1116,9342
2020-03-11,1223,10565
2020-03-12,1429,11994
2020-03-13,1630,13624
2020-03-14,1505,15129
2020-03-15,1758,16887
2020-03-16,2510,19397
2020-03-17,2427,21824
2020-03-18,2531,24355
2020-03-19,2479,26834
2020-03-20,2600,29434
2020-03-21,2066,31500
2020-03-22,2155,33655
2020-03-23,3311,36966
2020-03-24,3295,40261
2020-03-25,3218,43479
2020-03-26,3265,46744
2020-03-27,3313,50057
2020-03-28,2591,52648
2020-03-29,2287,54935
2020-03-30,3586,58521
2020-03-31,3331,61852
2020-04-01,3379,65231
2020-04-02,2863,68094
2020-04-03,2923,71017
2020-04-04,2102,73119
2020-04-05,1807,74926
2020-04-06,3019,77945
2020-04-07,2658,80603
2020-04-08,2689,83292
2020-04-09,2344,85636
2020-04-10,2319,87955
2020-04-11,1905,89860
2020-04-12,1480,91340
2020-04-13,2507,93847
2020-04-14,2356,96203
2020-04-15,2213,98416
2020-04-16,2094,100510
2020-04-17,2079,102589
2020-04-18,1450,104039
2020-04-19,1124,105163
2020-04-20,2295,107458
2020-04-21,1924,109382
2020-04-22,1868,111250
2020-04-23,1727,112977
2020-04-24,1676,114653
2020-04-25,1133,115786
2020-04-26,1003,116789
2020-04-27,1902,118691
2020-04-28,1569,120260
2020-04-29,1682,121942
2020-04-30,1694,123636
2020-05-01,1652,125288
2020-05-02,1022,126310
2020-05-03,842,127152
2020-05-04,1666,128818
2020-05-05,1466,130284
2020-05-06,1260,131544
2020-05-07,1366,132910
2020-05-08,1238,134148
2020-05-09,943,135091
2020-05-10,725,135816
2020-05-11,1373,137189
2020-05-12,1219,138408
2020-05-13,1213,139621
2020-05-14,1404,141025
2020-05-15,1357,142382
2020-05-16,712,143094
2020-05-17,673,143767
2020-05-18,1455,145222
2020-05-19,1335,146557
2020-05-20,1065,147622
2020-05-21,1074,148696
2020-05-22,1118,149814
2020-05-23,602,150416
2020-05-24,558,150974
2020-05-25,877,151851
2020-05-26,1032,152883
2020-05-27,1045,153928
2020-05-28,813,154741
2020-05-29,785,155526
2020-05-30,559,156085
2020-05-31,454,156539
2020-06-01,1086,157625
2020-06-02,1036,158661
2020-06-03,938,159599
2020-06-04,935,160534
2020-06-05,926,161460
2020-06-06,556,162016
2020-06-07,610,162626
2020-06-08,1257,163883
2020-06-09,1132,165015
2020-06-10,1128,166143
2020-06-11,1384,167527
2020-06-12,1249,168776
2020-06-13,1014,169790
2020-06-14,844,170634
2020-06-15,1616,172250
2020-06-16,2095,174345
2020-06-17,1441,175786
2020-06-18,1552,177338
2020-06-19,1674,179012
2020-06-20,1080,180092
2020-06-21,984,181076
2020-06-22,1374,182450
2020-06-23,1537,183987
2020-06-24,1617,185604
2020-06-25,1425,187029
2020-06-26,1332,188361
2020-06-27,800,189161
2020-06-28,704,189865
2020-06-29,1573,191438
2020-06-30,1505,192943
2020-07-01,1647,194590
2020-07-02,1737,196327
2020-07-03,1377,197704
2020-07-04,960,198664
2020-07-05,726,199390
2020-07-06,1597,200987
2020-07-07,1737,202724
2020-07-08,1842,204566
2020-07-09,1772,206338
2020-07-10,1637,207975
2020-07-11,919,208894
2020-07-12,832,209726
2020-07-13,1943,211669
2020-07-14,1897,213566
2020-07-15,1967,215533
2020-07-16,1640,217173
2020-07-17,1813,218986
2020-07-18,1286,220272
2020-07-19,991,221263
2020-07-20,1962,223225
2020-07-21,2027,225252
2020-07-22,1778,227030
2020-07-23,1794,228824
2020-07-24,1621,230445
2020-07-25,1172,231617
2020-07-26,781,232398
2020-07-27,2283,234681
2020-07-28,1778,236459
2020-07-29,1833,238292
2020-07-30,1779,240071
2020-07-31,1618,241689
2020-08-01,1329,243018
2020-08-02,1055,244073
2020-08-03,1945,246018
2020-08-04,1810,247828
2020-08-05,1671,249499
2020-08-06,1756,251255
2020-08-07,1540,252795
2020-08-08,956,253751
2020-08-09,1051,254802
2020-08-10,2196,256998
2020-08-11,1878,258876
2020-08-12,1696,260572
2020-08-13,1719,262291
2020-08-14,1533,263824
2020-08-15,1017,264841
2020-08-16,806,265647
2020-08-17,2188,267835
2020-08-18,1685,269520
2020-08-19,1567,271087
2020-08-20,1765,272852
2020-08-21,1535,274387
2020-08-22,937,275324
2020-08-23,766,276090
2020-08-24,1943,278033
2020-08-25,1663,279696
2020-08-26,2069,281765
2020-08-27,1772,283537
2020-08-28,1651,285188
2020-08-29,1056,286244
2020-08-30,1071,287315
2020-08-31,2595,289910
2020-09-01,1983,291893
2020-09-02,1672,293565
2020-09-03,1723,295288
2020-09-04,1605,296893
2020-09-05,868,297761
2020-09-06,596,298357
2020-09-07,1702,300059
2020-09-08,1712,301771
2020-09-09,2442,304213
2020-09-10,2573,306786
2020-09-11,1684,308470
2020-09-12,781,309251
2020-09-13,653,309904
2020-09-14,2453,312357
2020-09-15,1685,314042
2020-09-16,2659,316701
2020-09-17,1672,318373
2020-09-18,1867,320240
2020-09-19,1189,321429
2020-09-20,1045,322474
2020-09-21,3200,325674
2020-09-22,1768,327442
2020-09-23,2173,329615
2020-09-24,3376,332991
2020-09-25,1955,334946
2020-09-26,1116,336062
2020-09-27,1336,337398
2020-09-28,2160,339558
2020-09-29,2163,341721
2020-09-30,2083,343804
2020-10-01,3001,346805
2020-10-02,2245,349050
2020-10-03,1689,350739
2020-10-04,1079,351818
2020-10-05,3763,355581
2020-10-06,3211,358792
2020-10-07,3165,361957
2020-10-08,3027,364984
2020-10-09,2696,367680
2020-10-10,1505,369185
2020-10-11,1435,370620
2020-10-12,4090,374710
2020-10-13,2665,377375
2020-10-14,3109,380484
2020-10-15,3808,384292
2020-10-16,2916,387208
2020-10-17,2021,389229
2020-10-18,1329,390558
2020-10-19,3878,394436
2020-10-20,3688,398124
2020-10-21,4309,402433
2020-10-22,4427,406860
2020-10-23,3059,409919
2020-10-24,2189,412108
2020-10-25,1285,413393
2020-10-26,6070,419463
2020-10-27,3266,422729
2020-10-28,2553,425282
2020-10-29,3605,428887
2020-10-30,3387,432274
2020-10-31,1825,434099
2020-11-01,3303,437402
2020-11-02,6931,444333
2020-11-03,4195,448528
2020-11-04,5266,453794
2020-11-05,4970,458764
2020-11-06,4062,462826
2020-11-07,2775,465601
2020-11-08,3415,469016
2020-11-09,6144,475160
2020-11-10,4012,479172
2020-11-11,4513,483685
2020-11-12,4771,488456
2020-11-13,4536,492992
2020-11-14,3749,496741
2020-11-15,2429,499170
2020-11-16,5508,504678
2020-11-17,4080,508758
2020-11-18,4610,513368
2020-11-19,2830,516198
2020-11-20,3285,519483
2020-11-21,2067,521550
2020-11-22,2434,523984
2020-11-23,6064,530048
2020-11-24,4228,534276
2020-11-25,3188,537464
2020-11-26,2178,539642
2020-11-27,2859,542501
2020-11-28,1832,544333
2020-11-29,1618,545951
2020-11-30,7544,553495
2020-12-01,4573,558068
2020-12-02,4189,562257
2020-12-03,3782,566039
2020-12-04,3312,569351
2020-12-05,1905,571256
2020-12-06,1918,573174
2020-12-07,8867,582041
2020-12-08,3976,586017
2020-12-09,4779,590796
2020-12-10,6857,597653
2020-12-11,6340,603993
2020-12-12,4119,608112
2020-12-13,3150,611262
2020-12-14,12157,623419
2020-12-15,6719,630138
2020-12-16,5998,636136
2020-12-17,5493,641629
2020-12-18,5448,647077
2020-12-19,3772,650849
2020-12-20,3298,654147
2020-12-21,9600,663747
2020-12-22,5097,668844
2020-12-23,4540,673384
2020-12-24,4017,677401
2020-12-25,2014,679415
2020-12-26,4995,684410
2020-12-27,4600,689010
2020-12-28,10948,699958
2020-12-29,7567,707525
2020-12-30,5851,713376
2020-12-31,4902,718278
2021-01-01,3137,721415
2021-01-02,5680,727095
2021-01-03,5546,732641
2021-01-04,15250,747891
2021-01-05,9829,757720
2021-01-06,7064,764784
2021-01-07,7438,772222
2021-01-08,7285,779507
2021-01-09,6518,786025
2021-01-10,4894,790919
2021-01-11,14478,805397
2021-01-12,10186,815583
2021-01-13,8505,824088
2021-01-14,9232,833320
2021-01-15,9535,842855
2021-01-16,6845,849700
2021-01-17,5707,855407
2021-01-18,14788,870195
2021-01-19,11155,881350
2021-01-20,9148,890498
2021-01-21,8488,898986
2021-01-22,8413,907399
2021-01-23,5277,912676
2021-01-24,4630,917306
2021-01-25,14952,932258
2021-01-26,10732,942990
2021-01-27,11023,954013
2021-01-28,10636,964649
2021-01-29,10226,974875
2021-01-30,6952,981827
2021-01-31,5606,987433
2021-02-01,14680,1002113
2021-02-02,11809,1013922
2021-02-03,10547,1024469
2021-02-04,9131,1033600
2021-02-05,8238,1041838
2021-02-06,5803,1047641
2021-02-07,5253,1052894
2021-02-08,15054,1067948
2021-02-09,12061,1080009
2021-02-10,11927,1091936
2021-02-11,10726,1102662
2021-02-12,10241,1112903
2021-02-13,6303,1119206
2021-02-14,5853,1125059
2021-02-15,15677,1140736
2021-02-16,12451,1153187
2021-02-17,10798,1163985
2021-02-18,10284,1174269
2021-02-19,10217,1184486
2021-02-20,6898,1191384
2021-02-21,6595,1197979
2021-02-22,16943,1214922
2021-02-23,11849,1226771
2021-02-24,12468,1239239
2021-02-25,12849,1252088
2021-02-26,11079,1263167
2021-02-27,6938,1270105
2021-02-28,6551,1276656
2021-03-01,17843,1294499
2021-03-02,14496,1308995
2021-03-03,13944,1322939
2021-03-04,12165,1335104
2021-03-05,12091,1347195
2021-03-06,7613,1354808
2021-03-07,6727,1361535
2021-03-08,19993,1381528
2021-03-09,15570,1397098
2021-03-10,15550,1412648
2021-03-11,14449,1427097
2021-03-12,14257,1441354
2021-03-13,9428,1450782
2021-03-14,8295,1459077
2021-03-15,22307,1481384
2021-03-16,18319,1499703
2021-03-17,15131,1514834
2021-03-18,15976,1530810
2021-03-19,13421,1544231
2021-03-20,10141,1554372
2021-03-21,9909,1564281
2021-03-22,23562,1587843
2021-03-23,16796,1604639
2021-03-24,16302,1620941
2021-03-25,16550,1637491
2021-03-26,15171,1652662
2021-03-27,10351,1663013
2021-03-28,8661,1671674
2021-03-29,23230,1694904
2021-03-30,18631,1713535
2021-03-31,16846,1730381
2021-04-01,16663,1747044
2021-04-02,12962,1760006
2021-04-03,10383,1770389
2021-04-04,8803,1779192
2021-04-05,19653,1798845
2021-04-06,17385,1816230
2021-04-07,17207,1833437
2021-04-08,16801,1850238
2021-04-09,16382,1866620
2021-04-10,11883,1878503
2021-04-11,9152,1887655
2021-04-12,23853,1911508
2021-04-13,19185,1930693
2021-04-14,17223,1947916
2021-04-15,16559,1964475
2021-04-16,16399,1980874
2021-04-17,10812,1991686
2021-04-18,8288,1999974
2021-04-19,22610,2022584
2021-04-20,17857,2040441
2021-04-21,16549,2056990
2021-04-22,16362,2073352
2021-04-23,15637,2088989
2021-04-24,10215,2099204
2021-04-25,8083,2107287
2021-04-26,23187,2130474
2021-04-27,18112,2148586
2021-04-28,16264,2164850
2021-04-29,15992,2180842
2021-04-30,16516,2197358
2021-05-01,10012,2207370
2021-05-02,8270,2215640
2021-05-03,24299,2239939
2021-05-04,15644,2255583
2021-05-05,15539,2271122
2021-05-06,14550,2285672
2021-05-07,14035,2299707
2021-05-08,8867,2308574
2021-05-09,6879,2315453
2021-05-10,21364,2336817
2021-05-11,14541,2351358
2021-05-12,13010,2364368
2021-05-13,11011,2375379
2021-05-14,11317,2386696
2021-05-15,7767,2394463
2021-05-16,5978,2400441
2021-05-17,20020,2420461
2021-05-18,13431,2433892
2021-05-19,12205,2446097
2021-05-20,10718,2456815
2021-05-21,10661,2467476
2021-05-22,6263,2473739
2021-05-23,4931,2478670
2021-05-24,15572,2494242
2021-05-25,11985,2506227
2021-05-26,10860,2517087
2021-05-27,9806,2526893
2021-05-28,9313,2536206
2021-05-29,6469,2542675
2021-05-30,5651,2548326
2021-05-31,12980,2561306
2021-06-01,12328,2573634
2021-06-02,10716,2584350
2021-06-03,10344,2594694
2021-06-04,10260,2604954
2021-06-05,7769,2612723
2021-06-06,6536,2619259
2021-06-07,15482,2634741
2021-06-08,11989,2646730
2021-06-09,10007,2656737
2021-06-10,8759,2665496
2021-06-11,8556,2674052
2021-06-12,5055,2679107
2021-06-13,4166,2683273
2021-06-14,10995,2694268
2021-06-15,10299,2704567
2021-06-16,10158,2714725
2021-06-17,9134,2723859
2021-06-18,9888,2733747
2021-06-19,5641,2739388
2021-06-20,5439,2744827
2021-06-21,12025,2756852
2021-06-22,12681,2769533
2021-06-23,11759,2781292
2021-06-24,10515,2791807
2021-06-25,9180,2800987
2021-06-26,8986,2809973
2021-06-27,7903,2817876
2021-06-28,14647,2832523
2021-06-29,16175,2848698
2021-06-30,13528,2862226
2021-07-01,13754,2875980
2021-07-02,12129,2888109
2021-07-03,8689,2896798
2021-07-04,9061,2905859
2021-07-05,16544,2922403
2021-07-06,16182,2938585
2021-07-07,18231,2956816
2021-07-08,15572,2972388
2021-07-09,14949,2987337
2021-07-10,10707,2998044
2021-07-11,9881,3007925
2021-07-12,19907,3027832
2021-07-13,19488,3047320
2021-07-14,17854,3065174
2021-07-15,19457,3084631
2021-07-16,21304,3105935
2021-07-17,13824,3119759
2021-07-18,11787,3131546
2021-07-19,28289,3159835
2021-07-20,28599,3188434
2021-07-21,24454,3212888
2021-07-22,24380,3237268
2021-07-23,23193,3260461
2021-07-24,18528,3278989
2021-07-25,16630,3295619
2021-07-26,30692,3326311
2021-07-27,28757,3355068
2021-07-28,28224,3383292
2021-07-29,29353,3412645
2021-07-30,27290,3439935
2021-07-31,19439,3459374
2021-08-01,17115,3476489
2021-08-02,31746,3508235
2021-08-03,32956,3541191
2021-08-04,31591,3572782
2021-08-05,31739,3604521
2021-08-06,29438,3633959
2021-08-07,23685,3657644
2021-08-08,18893,3676537
2021-08-09,31552,3708089
2021-08-10,35129,3743218
2021-08-11,27986,3771204
2021-08-12,29715,3800919
2021-08-13,26788,3827707
2021-08-14,21710,3849417
2021-08-15,20031,3869448
2021-08-16,37157,3906605
2021-08-17,38680,3945285
2021-08-18,38648,3983933
2021-08-19,36204,4020137
2021-08-20,30849,4050986
2021-08-21,21732,4072718
2021-08-22,16468,4089186
2021-08-23,35189,4124375
2021-08-24,36848,4161223
2021-08-25,31093,4192316
2021-08-26,30765,4223081
2021-08-27,29805,4252886
2021-08-28,19939,4272825
2021-08-29,16409,4289234
2021-08-30,35453,4324687
2021-08-31,38634,4363321
2021-09-01,32077,4395398
2021-09-02,31253,4426651
2021-09-03,28106,4454757
2021-09-04,18943,4473700
2021-09-05,15312,4489012
2021-09-06,26214,4515226
2021-09-07,36616,4551842
2021-09-08,32422,4584264
2021-09-09,31371,4615635
2021-09-10,29654,4645289
2021-09-11,17929,4663218
2021-09-12,16378,4679596
2021-09-13,33003,4712599
2021-09-14,28812,4741411
2021-09-15,25265,4766676
2021-09-16,25159,4791835
2021-09-17,25263,4817098
2021-09-18,15764,4832862
2021-09-19,14893,4847755
2021-09-20,29524,4877279
2021-09-21,28435,4905714
2021-09-22,21025,4926739
2021-09-23,22763,4949502
2021-09-24,24026,4973528
2021-09-25,13377,4986905
2021-09-26,13146,5000051
2021-09-27,29042,5029093
2021-09-28,26519,5055612
2021-09-29,26582,5082194
2021-09-30,23472,5105666
2021-10-01,20984,5126650
2021-10-02,14244,5140894
2021-10-03,14318,5155212
2021-10-04,28661,5183873
2021-10-05,26826,5210699
2021-10-06,23934,5234633
2021-10-07,25182,5259815
2021-10-08,22071,5281886
2021-10-09,16403,5298289
2021-10-10,14781,5313070
2021-10-11,26199,5339269
2021-10-12,27032,5366301
2021-10-13,22224,5388525
2021-10-14,23525,5412050
2021-10-15,21546,5433596
2021-10-16,14350,5447946
2021-10-17,13331,5461277
2021-10-18,29001,5490278
2021-10-19,29129,5519407
2021-10-20,24118,5543525
2021-10-21,23921,5567446
2021-10-22,23907,5591353
2021-10-23,18451,5609804
2021-10-24,15323,5625127
2021-10-25,30502,5655629
2021-10-26,28437,5684066
2021-10-27,27032,5711098
2021-10-28,26617,5737715
2021-10-29,23517,5761232
2021-10-30,17506,5778738
2021-10-31,17351,5796089
2021-11-01,26998,5823087
2021-11-02,29935,5853022
2021-11-03,31435,5884457
2021-11-04,29277,5913734
2021-11-05,28113,5941847
2021-11-06,19034,5960881
2021-11-07,18235,5979116
2021-11-08,37502,6016618
2021-11-09,32587,6049205
2021-11-10,32258,6081463
2021-11-11,26965,6108428
2021-11-12,26670,6135098
2021-11-13,20548,6155646
2021-11-14,16618,6172264
2021-11-15,37098,6209362
2021-11-16,34163,6243525
2021-11-17,31164,6274689
2021-11-18,28884,6303573
2021-11-19,25452,6329025
2021-11-20,21080,6350105
2021-11-21,19551,6369656
2021-11-22,39208,6408864
2021-11-23,30613,6439477
2021-11-24,28437,6467914
2021-11-25,20725,6488639
2021-11-26,27552,6516191
2021-11-27,20060,6536251
2021-11-28,21597,6557848
2021-11-29,49618,6607466
2021-11-30,38874,6646340
2021-12-01,36035,6682375
2021-12-02,33962,6716337
2021-12-03,31558,6747895
2021-12-04,25187,6773082
2021-12-05,23089,6796171
2021-12-06,50484,6846655
2021-12-07,38777,6885432
2021-12-08,34758,6920190
2021-12-09,32073,6952263
2021-12-10,30693,6982956
2021-12-11,22209,7005165
2021-12-12,20899,7026064
2021-12-13,43922,7069986
2021-12-14,42680,7112666
2021-12-15,41360,7154026
2021-12-16,36511,7190537
2021-12-17,33826,7224363
2021-12-18,28575,7252938
2021-12-19,22720,7275658
2021-12-20,49681,7325339
2021-12-21,43797,7369136
2021-12-22,44430,7413566
2021-12-23,38472,7452038
2021-12-24,21897,7473935
2021-12-25,13476,7487411
2021-12-26,27567,7514978
2021-12-27,60620,7575598
2021-12-28,52841,7628439
2021-12-29,55012,7683451
2021-12-30,52314,7735765
2021-12-31,30247,7766012
2022-01-01,20538,7786550
2022-01-02,36269,7822819
2022-01-03,69001,7891820
2022-01-04,67079,7958899
2022-01-05,53737,8012636
2022-01-06,48489,8061125
2022-01-07,44874,8105999
2022-01-08,30250,8136249
2022-01-09,26417,8162666
2022-01-10,61485,8224151
2022-01-11,55059,8279210
2022-01-12,48466,8327676
2022-01-13,45816,8373492
2022-01-14,44533,8418025
2022-01-15,31262,8449287
2022-01-16,27818,8477105
2022-01-17,60150,8537255
2022-01-18,58612,8595867
2022-01-19,53995,8649862
2022-01-20,45202,8695064
2022-01-21,42772,8737836
2022-01-22,29484,8767320
2022-01-23,26960,8794280
2022-01-24,58218,8852498
2022-01-25,48250,8900748
2022-01-26,41726,8942474
2022-01-27,40617,8983091
2022-01-28,33748,9016839
2022-01-29,27157,9043996
2022-01-30,28045,9072041
2022-01-31,58419,9130460
2022-02-01,44765,9175225
2022-02-02,43889,9219114
2022-02-03,43013,9262127
2022-02-04,36898,9299025
2022-02-05,27669,9326694
2022-02-06,28186,9354880
2022-02-07,55896,9410776
2022-02-08,45058,9455834
2022-02-09,38264,9494098
2022-02-10,37497,9531595
2022-02-11,34127,9565722
2022-02-12,26850,9592572
2022-02-13,23328,9615900
2022-02-14,50775,9666675
2022-02-15,40059,9706734
2022-02-16,34509,9741243
2022-02-17,35742,9776985
2022-02-18,30023,9807008
2022-02-19,22753,9829761
2022-02-20,21176,9850937
2022-02-21,46497,9897434
2022-02-22,36640,9934074
2022-02-23,30726,9964800
2022-02-24,25797,9990597
2022-02-25,22893,10013490
2022-02-26,16884,10030374
2022-02-27,15552,10045926
2022-02-28,33904,10079830
2022-03-01,26949,10106779
2022-03-02,28490,10135269
2022-03-03,27659,10162928
2022-03-04,24734,10187662
2022-03-05,19564,10207226
2022-03-06,20045,10227271
2022-03-07,44627,10271898
2022-03-08,28290,10300188
2022-03-09,32268,10332456
2022-03-10,25143,10357599
2022-03-11,22823,10380422
2022-03-12,17932,10398354
2022-03-13,21106,10419460
2022-03-14,43583,10463043
2022-03-15,29620,10492663
2022-03-16,30027,10522690
2022-03-17,29000,10551690
2022-03-18,23716,10575406
2022-03-19,21044,10596450
2022-03-20,18424,10614874
2022-03-21,40254,10655128
2022-03-22,29121,10684249
2022-03-23,26760,10711009
2022-03-24,27476,10738485
2022-03-25,24853,10763338
2022-03-26,20814,10784152
2022-03-27,18533,10802685
2022-03-28,47892,10850577
2022-03-29,24983,10875560
2022-03-30,19334,10894894
2022-03-31,17998,10912892
2022-04-01,17552,10930444
2022-04-02,12921,10943365
2022-04-03,12501,10955866
2022-04-04,33844,10989710
2022-04-05,21538,11011248
2022-04-06,20139,11031387
2022-04-07,20952,11052339
2022-04-08,18317,11070656
2022-04-09,13402,11084058
2022-04-10,13272,11097330
2022-04-11,33906,11131236
2022-04-12,21254,11152490
2022-04-13,19074,11171564
2022-04-14,16680,11188244
2022-04-15,16078,11204322
2022-04-16,12453,11216775
2022-04-17,10114,11226889
2022-04-18,20083,11246972
2022-04-19,29594,11276566
2022-04-20,20891,11297457
2022-04-21,19390,11316847
2022-04-22,18202,11335049
2022-04-23,12558,11347607
2022-04-24,12073,11359680
2022-04-25,28573,11388253
2022-04-26,20141,11408394
2022-04-27,17687,11426081
2022-04-28,15231,11441312
2022-04-29,14257,11455569
2022-04-30,10247,11465816
2022-05-01,10059,11475875
2022-05-02,24712,11500587
2022-05-03,18618,11519205
2022-05-04,16158,11535363
2022-05-05,16150,11551513
2022-05-06,16041,11567554
2022-05-07,11157,11578711
2022-05-08,10271,11588982
2022-05-09,28010,11616992
2022-05-10,18359,11635351
2022-05-11,16981,11652332
2022-05-12,16932,11669264
2022-05-13,15483,11684747
2022-05-14,10741,11695488
2022-05-15,9959,11705447
2022-05-16,24729,11730176
2022-05-17,18030,11748206
2022-05-18,16417,11764623
2022-05-19,14457,11779080
2022-05-20,14462,11793542
2022-05-21,9663,11803205
2022-05-22,9738,11812943
2022-05-23,22922,11835865
2022-05-24,17780,11853645
2022-05-25,16115,11869760
2022-05-26,12130,11881890
2022-05-27,13771,11895661
2022-05-28,8741,11904402
2022-05-29,9116,11913518
2022-05-30,17909,11931427
2022-05-31,20217,11951644
2022-06-01,17430,11969074
2022-06-02,15850,11984924
2022-06-03,13954,11998878
2022-06-04,9512,12008390
2022-06-05,9147,12017537
2022-06-06,19530,12037067
2022-06-07,25170,12062237
2022-06-08,18017,12080254
2022-06-09,17377,12097631
2022-06-10,15657,12113288
2022-06-11,10275,12123563
2022-06-12,10178,12133741
2022-06-13,25839,12159580
2022-06-14,19050,12178630
2022-06-15,20036,12198666
2022-06-16,16579,12215245
2022-06-17,16128,12231373
2022-06-18,11000,12242373
2022-06-19,9590,12251963
2022-06-20,28449,12280412
2022-06-21,22537,12302949
2022-06-22,20859,12323808
2022-06-23,19018,12342826
2022-06-24,16960,12359786
2022-06-25,11442,12371228
2022-06-26,11553,12382781
2022-06-27,32935,12415716
2022-06-28,23500,12439216
2022-06-29,21104,12460320
2022-06-30,20655,12480975
2022-07-01,19288,12500263
2022-07-02,13497,12513760
2022-07-03,12581,12526341
2022-07-04,25676,12552017
2022-07-05,29636,12581653
2022-07-06,23391,12605044
2022-07-07,21466,12626510
2022-07-08,20549,12647059
2022-07-09,13595,12660654
2022-07-10,13065,12673719
2022-07-11,33682,12707401
2022-07-12,25172,12732573
2022-07-13,22290,12754863
2022-07-14,21108,12775971
2022-07-15,19735,12795706
2022-07-16,14209,12809915
2022-07-17,13042,12822957
2022-07-18,29589,12852546
2022-07-19,27071,12879617
2022-07-20,20776,12900393
2022-07-21,19230,12919623
2022-07-22,18662,12938285
2022-07-23,11581,12949866
2022-07-24,11196,12961062
2022-07-25,27933,12988995
2022-07-26,20570,13009565
2022-07-27,17494,13027059
2022-07-28,16516,13043575
2022-07-29,15341,13058916
2022-07-30,11221,13070137
2022-07-31,10369,13080506
2022-08-01,26490,13106996
2022-08-02,20304,13127300
2022-08-03,16061,13143361
2022-08-04,15255,13158616
2022-08-05,14205,13172821
2022-08-06,8904,13181725
2022-08-07,8501,13190226
2022-08-08,21751,13211977
2022-08-09,16389,13228366
2022-08-10,14610,13242976
2022-08-11,13843,13256819
2022-08-12,13485,13270304
2022-08-13,9108,13279412
2022-08-14,8728,13288140
2022-08-15,18185,13306325
2022-08-16,18863,13325188
2022-08-17,14003,13339191
2022-08-18,13826,13353017
2022-08-19,12970,13365987
2022-08-20,8453,13374440
2022-08-21,8424,13382864
2022-08-22,20514,13403378
2022-08-23,15102,13418480
2022-08-24,12041,13430521
2022-08-25,11923,13442444
2022-08-26,12289,13454733
2022-08-27,9077,13463810
2022-08-28,7985,13471795
2022-08-29,19694,13491489
2022-08-30,14129,13505618
2022-08-31,11175,13516793
2022-09-01,11602,13528395
2022-09-02,10417,13538812
2022-09-03,7758,13546570
2022-09-04,7928,13554498
2022-09-05,14315,13568813
2022-09-06,16175,13584988
2022-09-07,12263,13597251
2022-09-08,10632,13607883
2022-09-09,9778,13617661
2022-09-10,8010,13625671
2022-09-11,6773,13632444
2022-09-12,19663,13652107
2022-09-13,14316,13666423
2022-09-14,11466,13677889
2022-09-15,11601,13689490
2022-09-16,10920,13700410
2022-09-17,6971,13707381
2022-09-18,6901,13714282
2022-09-19,17952,13732234
2022-09-20,13801,13746035
2022-09-21,12340,13758375
2022-09-22,10855,13769230
2022-09-23,9942,13779172
2022-09-24,6699,13785871
2022-09-25,6653,13792524
2022-09-26,18573,13811097
2022-09-27,13138,13824235
2022-09-28,10186,13834421
2022-09-29,9834,13844255
2022-09-30,8853,13853108
2022-10-01,6385,13859493
2022-10-02,6250,13865743
2022-10-03,17036,13882779
2022-10-04,13827,13896606
2022-10-05,10779,13907385
2022-10-06,10397,13917782
2022-10-07,10054,13927836
2022-10-08,6348,13934184
2022-10-09,6166,13940350
2022-10-10,17487,13957837
2022-10-11,13737,13971574
2022-10-12,11278,13982852
2022-10-13,10995,13993847
2022-10-14,10319,14004166
2022-10-15,6581,14010747
2022-10-16,5957,14016704
2022-10-17,17814,14034518
2022-10-18,12188,14046706
2022-10-19,10539,14057245
2022-10-20,9527,14066772
2022-10-21,8949,14075721
2022-10-22,5899,14081620
2022-10-23,6066,14087686
2022-10-24,17028,14104714
2022-10-25,12359,14117073
2022-10-26,11177,14128250
2022-10-27,9738,14137988
2022-10-28,8982,14146970
2022-10-29,5851,14152821
2022-10-30,5711,14158532
2022-10-31,13091,14171623
2022-11-01,11260,14182883
2022-11-02,10755,14193638
2022-11-03,9257,14202895
2022-11-04,9992,14212887
2022-11-05,6139,14219026
2022-11-06,6289,14225315
2022-11-07,16394,14241709
2022-11-08,13193,14254902
2022-11-09,10628,14265530
2022-11-10,10662,14276192
2022-11-11,9529,14285721
2022-11-12,6570,14292291
2022-11-13,6275,14298566
2022-11-14,16060,14314626
2022-11-15,11877,14326503
2022-11-16,11652,14338155
2022-11-17,11216,14349371
2022-11-18,10123,14359494
2022-11-19,5968,14365462
2022-11-20,6074,14371536
2022-11-21,17975,14389511
2022-11-22,12933,14402444
2022-11-23,11104,14413548
2022-11-24,9211,14422759
2022-11-25,10951,14433710
2022-11-26,7614,14441324
2022-11-27,7985,14449309
2022-11-28,21627,14470936
2022-11-29,14757,14485693
2022-11-30,13251,14498944
2022-12-01,13183,14512127
2022-12-02,12685,14524812
2022-12-03,7182,14531994
2022-12-04,6273,14538267
2022-12-05,21973,14560240
2022-12-06,14544,14574784
2022-12-07,13952,14588736
2022-12-08,12730,14601466
2022-12-09,11744,14613210
2022-12-10,7630,14620840
2022-12-11,7173,14628013
2022-12-12,22159,14650172
2022-12-13,15253,14665425
2022-12-14,13421,14678846
2022-12-15,12715,14691561
2022-12-16,11774,14703335
2022-12-17,8220,14711555
2022-12-18,7238,14718793
2022-12-19,21649,14740442
2022-12-20,13721,14754163
2022-12-21,12657,14766820
2022-12-22,11821,14778641
2022-12-23,10035,14788676
2022-12-24,5407,14794083
2022-12-25,3943,14798026
2022-12-26,13780,14811806
2022-12-27,13535,14825341
2022-12-28,13576,14838917
2022-12-29,11695,14850612
2022-12-30,10152,14860764
2022-12-31,6116,14866880
2023-01-01,4956,14871836
2023-01-02,13991,14885827
2023-01-03,12967,14898794
2023-01-04,12948,14911742
2023-01-05,11233,14922975
2023-01-06,9576,14932551
2023-01-07,6147,14938698
2023-01-08,5123,14943821
2023-01-09,13099,14956920
2023-01-10,11101,14968021
2023-01-11,9656,14977677
2023-01-12,8348,14986025
2023-01-13,7830,14993855
2023-01-14,4810,14998665
2023-01-15,4312,15002977
2023-01-16,11385,15014362
2023-01-17,9140,15023502
2023-01-18,8476,15031978
2023-01-19,7004,15038982
2023-01-20,6283,15045265
2023-01-21,4027,15049292
2023-01-22,3790,15053082
2023-01-23,11023,15064105
2023-01-24,7881,15071986
2023-01-25,7428,15079414
2023-01-26,6710,15086124
2023-01-27,6314,15092438
2023-01-28,4391,15096829
2023-01-29,3913,15100742
2023-01-30,11104,15111846
2023-01-31,8056,15119902
2023-02-01,7671,15127573
2023-02-02,6938,15134511
2023-02-03,6517,15141028
2023-02-04,3966,15144994
2023-02-05,4102,15149096
2023-02-06,11155,15160251
2023-02-07,8195,15168446
2023-02-08,7663,15176109
2023-02-09,7161,15183270
2023-02-10,6356,15189626
2023-02-11,3980,15193606
2023-02-12,4248,15197854
2023-02-13,10874,15208728
2023-02-14,7977,15216705
2023-02-15,7678,15224383
2023-02-16,7477,15231860
2023-02-17,6240,15238100
2023-02-18,4132,15242232
2023-02-19,3916,15246148
2023-02-20,9907,15256055
2023-02-21,8685,15264740
2023-02-22,7386,15272126
2023-02-23,6600,15278726
2023-02-24,5747,15284473
2023-02-25,3779,15288252
2023-02-26,3642,15291894
2023-02-27,9966,15301860
2023-02-28,8118,15309978
2023-03-01,7525,15317503
2023-03-02,6047,15323550
2023-03-03,5754,15329304
2023-03-04,3835,15333139
2023-03-05,3840,15336979
2023-03-06,10057,15347036
2023-03-07,7404,15354440
2023-03-08,7065,15361505
2023-03-09,6129,15367634
2023-03-10,5568,15373202
2023-03-11,3511,15376713
2023-03-12,3441,15380154
2023-03-13,9578,15389732
2023-03-14,7290,15397022
2023-03-15,6805,15403827
2023-03-16,6183,15410010
2023-03-17,5158,15415168
2023-03-18,3245,15418413
2023-03-19,3223,15421636
2023-03-20,9478,15431114
2023-03-21,6849,15437963
2023-03-22,6214,15444177
2023-03-23,5685,15449862
2023-03-24,4945,15454807
2023-03-25,3439,15458246
2023-03-26,3167,15461413
2023-03-27,8638,15470051
2023-03-28,5996,15476047
2023-03-29,5589,15481636
2023-03-30,4949,15486585
2023-03-31,4358,15490943
2023-04-01,3207,15494150
2023-04-02,2967,15497117
2023-04-03,7405,15504522
2023-04-04,5547,15510069
2023-04-05,5011,15515080
2023-04-06,4017,15519097
2023-04-07,3102,15522199
2023-04-08,2846,15525045
2023-04-09,2502,15527547
2023-04-10,5325,15532872
2023-04-11,6713,15539585
2023-04-12,5294,15544879
2023-04-13,4568,15549447
2023-04-14,4221,15553668
2023-04-15,2768,15556436
2023-04-16,2524,15558960
2023-04-17,7027,15565987
2023-04-18,4464,15570451
2023-04-19,4685,15575136
2023-04-20,4216,15579352
2023-04-21,3788,15583140
2023-04-22,2468,15585608
2023-04-23,2407,15588015
2023-04-24,6376,15594391
2023-04-25,4671,15599062
2023-04-26,4800,15603862
2023-04-27,3970,15607832
2023-04-28,3886,15611718
2023-04-29,2315,15614033
2023-04-30,2051,15616084
2023-05-01,4221,15620305
2023-05-02,5791,15626096
2023-05-03,4292,15630388
2023-05-04,4345,15634733
2023-05-05,3236,15637969
2023-05-06,2480,15640449
2023-05-07,2038,15642487
2023-05-08,4267,15646754
2023-05-09,4314,15651068
2023-05-10,4252,15655320
2023-05-11,3452,15658772
2023-05-12,2952,15661724
2023-05-13,2127,15663851
2023-05-14,1997,15665848
2023-05-15,4760,15670608
2023-05-16,3760,15674368
2023-05-17,3468,15677836
2023-05-18,2890,15680726
2023-05-19,2649,15683375
2023-05-20,1980,15685355
2023-05-21,1955,15687310
2023-05-22,4687,15691997
2023-05-23,3640,15695637
2023-05-24,3127,15698764
2023-05-25,3091,15701855
2023-05-26,2483,15704338
2023-05-27,1683,15706021
2023-05-28,1633,15707654
2023-05-29,3196,15710850
2023-05-30,3691,15714541
2023-05-31,2983,15717524
2023-06-01,2712,15720236
2023-06-02,2247,15722483
2023-06-03,1727,15724210
2023-06-04,1453,15725663
2023-06-05,3467,15729130
2023-06-06,2763,15731893
2023-06-07,2563,15734456
2023-06-08,2346,15736802
2023-06-09,1974,15738776
2023-06-10,1419,15740195
2023-06-11,1300,15741495
2023-06-12,2986,15744481
2023-06-13,2622,15747103
2023-06-14,2416,15749519
2023-06-15,2304,15751823
2023-06-16,1941,15753764
2023-06-17,1166,15754930
2023-06-18,1173,15756103
2023-06-19,2653,15758756
2023-06-20,2301,15761057
2023-06-21,2035,15763092
2023-06-22,2074,15765166
2023-06-23,1759,15766925
2023-06-24,1053,15767978
2023-06-25,1055,15769033
2023-06-26,2598,15771631
2023-06-27,2074,15773705
2023-06-28,1852,15775557
2023-06-29,1641,15777198
2023-06-30,1580,15778778
2023-07-01,1077,15779855
2023-07-02,929,15780784
2023-07-03,2104,15782888
2023-07-04,1716,15784604
2023-07-05,1920,15786524
2023-07-06,1826,15788350
2023-07-07,1673,15790023
2023-07-08,1205,15791228
2023-07-09,997,15792225
2023-07-10,2546,15794771
2023-07-11,2179,15796950
2023-07-12,1974,15798924
2023-07-13,1787,15800711
2023-07-14,1655,15802366
2023-07-15,1200,15803566
2023-07-16,1255,15804821
2023-07-17,2286,15807107
2023-07-18,2325,15809432
2023-07-19,2009,15811441
2023-07-20,1876,15813317
2023-07-21,1692,15815009
2023-07-22,1248,15816257
2023-07-23,1219,15817476
2023-07-24,3070,15820546
2023-07-25,2471,15823017
2023-07-26,2243,15825260
2023-07-27,2185,15827445
2023-07-28,2211,15829656
2023-07-29,1326,15830982
2023-07-30,1484,15832466
2023-07-31,3175,15835641
2023-08-01,2851,15838492
2023-08-02,2615,15841107
2023-08-03,2701,15843808
2023-08-04,2314,15846122
2023-08-05,1635,15847757
2023-08-06,1485,15849242
2023-08-07,3837,15853079
2023-08-08,3022,15856101
2023-08-09,3224,15859325
2023-08-10,2798,15862123
2023-08-11,2440,15864563
2023-08-12,1810,15866373
2023-08-13,1722,15868095
2023-08-14,4362,15872457
2023-08-15,3032,15875489
2023-08-16,3409,15878898
2023-08-17,3223,15882121
2023-08-18,3020,15885141
2023-08-19,1936,15887077
2023-08-20,1833,15888910
2023-08-21,5479,15894389
2023-08-22,3980,15898369
2023-08-23,3926,15902295
2023-08-24,3678,15905973
2023-08-25,3375,15909348
2023-08-26,2213,15911561
2023-08-27,2266,15913827
2023-08-28,6014,15919841
2023-08-29,4120,15923961
2023-08-30,3810,15927771
2023-08-31,3402,15931173
2023-09-01,3193,15934366
2023-09-02,1961,15936327
2023-09-03,2043,15938370
2023-09-04,5574,15943944
2023-09-05,4810,15948754
2023-09-06,4339,15953093
2023-09-07,3871,15956964
2023-09-08,3481,15960445
2023-09-09,2245,15962690
2023-09-10,2316,15965006
2023-09-11,6859,15971865
2023-09-12,4125,15975990
2023-09-13,3996,15979986
2023-09-14,3552,15983538
2023-09-15,3123,15986661
2023-09-16,2095,15988756
2023-09-17,2067,15990823
2023-09-18,6578,15997401
2023-09-19,4988,16002389
2023-09-20,4391,16006780
2023-09-21,3668,16010448
2023-09-22,3318,16013766
2023-09-23,2034,16015800
2023-09-24,2165,16017965
2023-09-25,6404,16024369
2023-09-26,4251,16028620
2023-09-27,3883,16032503
2023-09-28,3522,16036025
2023-09-29,3054,16039079
2023-09-30,1992,16041071
2023-10-01,2159,16043230
2023-10-02,6069,16049299
2023-10-03,4196,16053495
2023-10-04,3923,16057418
2023-10-05,3363,16060781
2023-10-06,3014,16063795
2023-10-07,1910,16065705
2023-10-08,2015,16067720
2023-10-09,5249,16072969
2023-10-10,4382,16077351
2023-10-11,3635,16080986
2023-10-12,3161,16084147
2023-10-13,3184,16087331
2023-10-14,1872,16089203
2023-10-15,1682,16090885
2023-10-16,5489,16096374
2023-10-17,3481,16099855
2023-10-18,3466,16103321
2023-10-19,3337,16106658
2023-10-20,3070,16109728
2023-10-21,1855,16111583
2023-10-22,1838,16113421
2023-10-23,5823,16119244
2023-10-24,3665,16122909
2023-10-25,3401,16126310
2023-10-26,3087,16129397
2023-10-27,3090,16132487
2023-10-28,1695,16134182
2023-10-29,1734,16135916
2023-10-30,5508,16141424
2023-10-31,3385,16144809
2023-11-01,3141,16147950
2023-11-02,3258,16151208
2023-11-03,2820,16154028
2023-11-04,1919,16155947
2023-11-05,2061,16158008
2023-11-06,5526,16163534
2023-11-07,3715,16167249
2023-11-08,3518,16170767
2023-11-09,3313,16174080
2023-11-10,3061,16177141
2023-11-11,1812,16178953
2023-11-12,1974,16180927
2023-11-13,5752,16186679
2023-11-14,4013,16190692
2023-11-15,3529,16194221
2023-11-16,3244,16197465
2023-11-17,3245,16200710
2023-11-18,2042,16202752
2023-11-19,2064,16204816
2023-11-20,6417,16211233
2023-11-21,3615,16214848
2023-11-22,3401,16218249
2023-11-23,2696,16220945
2023-11-24,3162,16224107
2023-11-25,1995,16226102
2023-11-26,2100,16228202
2023-11-27,6915,16235117
2023-11-28,4297,16239414
2023-11-29,3973,16243387
2023-11-30,3435,16246822
2023-12-01,3383,16250205
2023-12-02,2179,16252384
2023-12-03,2158,16254542
2023-12-04,8151,16262693
2023-12-05,4365,16267058
2023-12-06,3942,16271000
2023-12-07,3926,16274926
2023-12-08,3435,16278361
2023-12-09,2318,16280679
2023-12-10,2377,16283056
2023-12-11,7726,16290782
2023-12-12,4957,16295739
2023-12-13,4448,16300187
2023-12-14,3927,16304114
2023-12-15,3668,16307782
2023-12-16,2234,16310016
2023-12-17,2236,16312252
2023-12-18,6889,16319141
2023-12-19,4418,16323559
2023-12-20,3966,16327525
2023-12-21,3472,16330997
2023-12-22,3072,16334069
2023-12-23,2128,16336197
2023-12-24,1822,16338019
2023-12-25,2625,16340644
2023-12-26,4246,16344890
2023-12-27,4566,16349456
2023-12-28,4282,16353738
2023-12-29,3789,16357527
2023-12-30,2346,16359873
2023-12-31,2168,16362041
2024-01-01,2855,16364896
2024-01-02,5420,16370316
2024-01-03,4663,16374979
2024-01-04,4573,16379552
2024-01-05,3651,16383203
2024-01-06,2181,16385384
2024-01-07,2012,16387396
2024-01-08,4801,16392197
2024-01-09,3791,16395988
2024-01-10,3579,16399567
2024-01-11,3411,16402978
2024-01-12,3200,16406178
2024-01-13,1702,16407880
2024-01-14,1829,16409709
2024-01-15,3836,16413545
2024-01-16,3316,16416861
2024-01-17,3177,16420038
2024-01-18,3036,16423074
2024-01-19,2469,16425543
2024-01-20,1653,16427196
2024-01-21,1634,16428830
2024-01-22,3601,16432431
2024-01-23,2984,16435415
2024-01-24,2943,16438358
2024-01-25,2659,16441017
2024-01-26,2329,16443346
2024-01-27,1356,16444702
2024-01-28,1319,16446021
2024-01-29,3638,16449659
2024-01-30,2997,16452656
2024-01-31,2732,16455388
2024-02-01,2541,16457929
2024-02-02,2349,16460278
2024-02-03,1410,16461688
2024-02-04,1343,16463031
2024-02-05,3278,16466309
2024-02-06,2890,16469199
2024-02-07,2558,16471757
2024-02-08,2270,16474027
2024-02-09,1924,16475951
2024-02-10,1177,16477128
2024-02-11,1063,16478191
2024-02-12,2517,16480708
2024-02-13,2395,16483103
2024-02-14,2158,16485261
2024-02-15,2066,16487327
2024-02-16,1755,16489082
2024-02-17,1117,16490199
2024-02-18,1050,16491249
2024-02-19,2366,16493615
2024-02-20,2230,16495845
2024-02-21,2069,16497914
2024-02-22,1934,16499848
2024-02-23,1600,16501448
2024-02-24,985,16502433
2024-02-25,974,16503407
2024-02-26,2306,16505713
2024-02-27,2011,16507724
2024-02-28,1630,16509354
2024-02-29,1336,16510690
2024-03-01,1331,16512021
2024-03-02,844,16512865
2024-03-03,792,16513657
2024-03-04,2025,16515682
2024-03-05,1733,16517415
2024-03-06,1594,16519009
2024-03-07,1347,16520356
2024-03-08,1117,16521473
2024-03-09,816,16522289
2024-03-10,792,16523081
2024-03-11,1786,16524867
2024-03-12,1612,16526479
2024-03-13,1338,16527817
2024-03-14,1274,16529091
2024-03-15,1090,16530181
2024-03-16,711,16530892
2024-03-17,662,16531554
2024-03-18,1594,16533148
2024-03-19,1310,16534458
2024-03-20,1157,16535615
2024-03-21,1128,16536743
2024-03-22,946,16537689
2024-03-23,664,16538353
2024-03-24,707,16539060
2024-03-25,1473,16540533
2024-03-26,1156,16541689
2024-03-27,1018,16542707
2024-03-28,888,16543595
2024-03-29,696,16544291
2024-03-30,564,16544855
2024-03-31,546,16545401
2024-04-01,1278,16546679
2024-04-02,1234,16547913
2024-04-03,1167,16549080
2024-04-04,884,16549964
2024-04-05,853,16550817
2024-04-06,588,16551405
2024-04-07,544,16551949
2024-04-08,1159,16553108
2024-04-09,1027,16554135
2024-04-10,882,16555017
2024-04-11,901,16555918
2024-04-12,826,16556744
2024-04-13,520,16557264
2024-04-14,489,16557753
2024-04-15,1157,16558910
2024-04-16,916,16559826
2024-04-17,955,16560781
2024-04-18,823,16561604
2024-04-19,784,16562388
2024-04-20,476,16562864
2024-04-21,558,16563422
2024-04-22,1211,16564633
2024-04-23,1035,16565668
2024-04-24,948,16566616
2024-04-25,846,16567462
2024-04-26,856,16568318
2024-04-27,535,16568853
2024-04-28,569,16569422
2024-04-29,1234,16570656
2024-04-30,1095,16571751
2024-05-01,901,16572652
2024-05-02,1097,16573749
2024-05-03,926,16574675
2024-05-04,659,16575334
2024-05-05,614,16575948
2024-05-06,1280,16577228
2024-05-07,1226,16578454
2024-05-08,1192,16579646
2024-05-09,1135,16580781
2024-05-10,1021,16581802
2024-05-11,747,16582549
2024-05-12,700,16583249
2024-05-13,1573,16584822
2024-05-14,1362,16586184
2024-05-15,1232,16587416
2024-05-16,1338,16588754
2024-05-17,1123,16589877
2024-05-18,786,16590663
2024-05-19,775,16591438
2024-05-20,1570,16593008
2024-05-21,1594,16594602
2024-05-22,1390,16595992
2024-05-23,1365,16597357
2024-05-24,1230,16598587
2024-05-25,769,16599356
2024-05-26,829,16600185
2024-05-27,1502,16601687
2024-05-28,1544,16603231
2024-05-29,1432,16604663
2024-05-30,1325,16605988
2024-05-31,1350,16607338
2024-06-01,859,16608197
2024-06-02,954,16609151
2024-06-03,2599,16611750
2024-06-04,1705,16613455
2024-06-05,1682,16615137
2024-06-06,1524,16616661
2024-06-07,1357,16618018
2024-06-08,957,16618975
2024-06-09,997,16619972
2024-06-10,2212,16622184
2024-06-11,1701,16623885
2024-06-12,1676,16625561
2024-06-13,1595,16627156
2024-06-14,1553,16628709
2024-06-15,1024,16629733
2024-06-16,1143,16630876
2024-06-17,2414,16633290
2024-06-18,1973,16635263
2024-06-19,1967,16637230
2024-06-20,1892,16639122
2024-06-21,1808,16640930
2024-06-22,1055,16641985
2024-06-23,1149,16643134
2024-06-24,2575,16645709
2024-06-25,2110,16647819
2024-06-26,2141,16649960
2024-06-27,1965,16651925
2024-06-28,1755,16653680
2024-06-29,1146,16654826
2024-06-30,1175,16656001
2024-07-01,2668,16658669
2024-07-02,2189,16660858
2024-07-03,2076,16662934
2024-07-04,1610,16664544
2024-07-05,1832,16666376
2024-07-06,1242,16667618
2024-07-07,1313,16668931
2024-07-08,2907,16671838
2024-07-09,2351,16674189
2024-07-10,2155,16676344
2024-07-11,1944,16678288
2024-07-12,1965,16680253
2024-07-13,1290,16681543
2024-07-14,1349,16682892
2024-07-15,3045,16685937
2024-07-16,2452,16688389
2024-07-17,2196,16690585
2024-07-18,2104,16692689
2024-07-19,1809,16694498
2024-07-20,1281,16695779
2024-07-21,1421,16697200
2024-07-22,3421,16700621
2024-07-23,2492,16703113
2024-07-24,2260,16705373
2024-07-25,1990,16707363
2024-07-26,1852,16709215
2024-07-27,1294,16710509
2024-07-28,1446,16711955
2024-07-29,3124,16715079
2024-07-30,2287,16717366
2024-07-31,2211,16719577
2024-08-01,2021,16721598
2024-08-02,1872,16723470
2024-08-03,1248,16724718
2024-08-04,1326,16726044
2024-08-05,3004,16729048
2024-08-06,2337,16731385
2024-08-07,2020,16733405
2024-08-08,1835,16735240
2024-08-09,1797,16737037
2024-08-10,1215,16738252
2024-08-11,1247,16739499
2024-08-12,2772,16742271
2024-08-13,2135,16744406
2024-08-14,2010,16746416
2024-08-15,1791,16748207
2024-08-16,1787,16749994
2024-08-17,1157,16751151
2024-08-18,1171,16752322
2024-08-19,2911,16755233
2024-08-20,2164,16757397
2024-08-21,2060,16759457
2024-08-22,1794,16761251
2024-08-23,1703,16762954
2024-08-24,1195,16764149
2024-08-25,1145,16765294
2024-08-26,3019,16768313
2024-08-27,2167,16770480
2024-08-28,2068,16772548
2024-08-29,1973,16774521
2024-08-30,1664,16776185
2024-08-31,980,16777165
2024-09-01,1171,16778336
2024-09-02,2403,16780739
2024-09-03,2314,16783053
2024-09-04,2107,16785160
2024-09-05,1881,16787041
2024-09-06,1748,16788789
2024-09-07,1079,16789868
2024-09-08,1300,16791168
2024-09-09,2780,16793948
2024-09-10,1950,16795898
2024-09-11,1990,16797888
2024-09-12,1873,16799761
2024-09-13,1679,16801440
2024-09-14,1058,16802498
2024-09-15,1152,16803650
2024-09-16,2629,16806279
2024-09-17,2104,16808383
2024-09-18,2101,16810484
2024-09-19,1840,16812324
2024-09-20,1554,16813878
2024-09-21,962,16814840
2024-09-22,1165,16816005
2024-09-23,2533,16818538
2024-09-24,1870,16820408
2024-09-25,1665,16822073
2024-09-26,1607,16823680
2024-09-27,1351,16825031
2024-09-28,848,16825879
2024-09-29,912,16826791
2024-09-30,2112,16828903
2024-10-01,1676,16830579
2024-10-02,1677,16832256
2024-10-03,1439,16833695
2024-10-04,1325,16835020
2024-10-05,850,16835870
2024-10-06,932,16836802
2024-10-07,2243,16839045
2024-10-08,1637,16840682
2024-10-09,1601,16842283
2024-10-10,1524,16843807
2024-10-11,1268,16845075
2024-10-12,804,16845879
2024-10-13,831,16846710
2024-10-14,1885,16848595
2024-10-15,1518,16850113
2024-10-16,1510,16851623
2024-10-17,1363,16852986
2024-10-18,1128,16854114
2024-10-19,728,16854842
2024-10-20,790,16855632
2024-10-21,1859,16857491
2024-10-22,1372,16858863
2024-10-23,1316,16860179
2024-10-24,1205,16861384
2024-10-25,1090,16862474
2024-10-26,661,16863135
2024-10-27,683,16863818
2024-10-28,1574,16865392
2024-10-29,1190,16866582
2024-10-30,1186,16867768
2024-10-31,1059,16868827
2024-11-01,999,16869826
2024-11-02,652,16870478
2024-11-03,640,16871118
2024-11-04,1489,16872607
2024-11-05,1217,16873824
2024-11-06,1159,16874983
2024-11-07,1050,16876033
2024-11-08,966,16876999
2024-11-09,592,16877591
2024-11-10,581,16878172
2024-11-11,1326,16879498
2024-11-12,1099,16880597
2024-11-13,995,16881592
2024-11-14,952,16882544
2024-11-15,942,16883486
2024-11-16,562,16884048
2024-11-17,604,16884652
2024-11-18,1406,16886058
2024-11-19,1126,16887184
2024-11-20,1025,16888209
2024-11-21,981,16889190
2024-11-22,896,16890086
2024-11-23,498,16890584
2024-11-24,558,16891142
2024-11-25,1494,16892636
2024-11-26,1113,16893749
2024-11-27,1044,16894793
2024-11-28,824,16895617
2024-11-29,796,16896413
2024-11-30,533,16896946
2024-12-01,610,16897556
2024-12-02,1542,16899098
2024-12-03,1124,16900222
2024-12-04,1073,16901295
2024-12-05,1023,16902318
2024-12-06,883,16903201
2024-12-07,628,16903829
2024-12-08,637,16904466
2024-12-09,1595,16906061
2024-12-10,1184,16907245
2024-12-11,1084,16908329
2024-12-12,1028,16909357
2024-12-13,990,16910347
2024-12-14,573,16910920
2024-12-15,661,16911581
2024-12-16,1624,16913205
2024-12-17,1253,16914458
2024-12-18,1166,16915624
2024-12-19,1051,16916675
2024-12-20,1044,16917719
2024-12-21,623,16918342
2024-12-22,657,16918999
2024-12-23,1392,16920391
2024-12-24,993,16921384
2024-12-25,672,16922056
2024-12-26,1037,16923093
2024-12-27,1130,16924223
2024-12-28,862,16925085
2024-12-29,805,16925890
2024-12-30,1431,16927321
2024-12-31,1007,16928328
2025-01-01,729,16929057
2025-01-02,1243,16930300
2025-01-03,1140,16931440
2025-01-04,796,16932236
2025-01-05,783,16933019
2025-01-06,1476,16934495
2025-01-07,1238,16935733
2025-01-08,1156,16936889
2025-01-09,1103,16937992
2025-01-10,909,16938901
2025-01-11,528,16939429
2025-01-12,635,16940064
2025-01-13,1238,16941302
2025-01-14,1091,16942393
2025-01-15,1072,16943465
2025-01-16,990,16944455
2025-01-17,895,16945350
2025-01-18,507,16945857
2025-01-19,503,16946360
2025-01-20,1082,16947442
2025-01-21,975,16948417
2025-01-22,948,16949365
2025-01-23,913,16950278
2025-01-24,733,16951011
2025-01-25,453,16951464
2025-01-26,499,16951963
2025-01-27,1003,16952966
2025-01-28,795,16953761
2025-01-29,792,16954553
2025-01-30,754,16955307
2025-01-31,713,16956020
2025-02-01,455,16956475
2025-02-02,506,16956981
2025-02-03,1131,16958112
2025-02-04,964,16959076
2025-02-05,991,16960067
2025-02-06,769,16960836
2025-02-07,742,16961578
2025-02-08,460,16962038
2025-02-09,509,16962547
2025-02-10,1137,16963684
2025-02-11,811,16964495
2025-02-12,896,16965391
2025-02-13,751,16966142
2025-02-14,701,16966843
2025-02-15,428,16967271
2025-02-16,406,16967677
2025-02-17,916,16968593
2025-02-18,808,16969401
2025-02-19,687,16970088
2025-02-20,657,16970745
2025-02-21,627,16971372
2025-02-22,437,16971809
2025-02-23,350,16972159
2025-02-24,828,16972987
2025-02-25,756,16973743
2025-02-26,709,16974452
2025-02-27,660,16975112
2025-02-28,579,16975691
2025-03-01,447,16976138
2025-03-02,363,16976501
2025-03-03,854,16977355
2025-03-04,686,16978041
2025-03-05,638,16978679
2025-03-06,583,16979262
2025-03-07,565,16979827
2025-03-08,324,16980151
2025-03-09,350,16980501
2025-03-10,738,16981239
2025-03-11,629,16981868
2025-03-12,612,16982480
2025-03-13,565,16983045
2025-03-14,487,16983532
2025-03-15,298,16983830
2025-03-16,291,16984121
2025-03-17,733,16984854
2025-03-18,577,16985431
2025-03-19,561,16985992
2025-03-20,504,16986496
2025-03-21,533,16987029
2025-03-22,283,16987312
2025-03-23,330,16987642
2025-03-24,713,16988355
2025-03-25,618,16988973
2025-03-26,560,16989533
2025-03-27,517,16990050
2025-03-28,425,16990475
2025-03-29,277,16990752
2025-03-30,293,16991045
2025-03-31,630,16991675
2025-04-01,550,16992225
2025-04-02,543,16992768
2025-04-03,484,16993252
2025-04-04,434,16993686
2025-04-05,256,16993942
2025-04-06,265,16994207
2025-04-07,723,16994930
2025-04-08,554,16995484
2025-04-09,551,16996035
2025-04-10,456,16996491
2025-04-11,417,16996908
2025-04-12,260,16997168
2025-04-13,291,16997459
2025-04-14,662,16998121
2025-04-15,518,16998639
2025-04-16,500,16999139
2025-04-17,384,16999523
2025-04-18,297,16999820
2025-04-19,257,17000077
2025-04-20,255,17000332
2025-04-21,576,17000908
2025-04-22,597,17001505
2025-04-23,498,17002003
2025-04-24,441,17002444
2025-04-25,397,17002841
2025-04-26,252,17003093
2025-04-27,305,17003398
2025-04-28,640,17004038
2025-04-29,499,17004537
2025-04-30,437,17004974
2025-05-01,357,17005331
2025-05-02,430,17005761
2025-05-03,231,17005992
2025-05-04,240,17006232
2025-05-05,510,17006742
2025-05-06,497,17007239
2025-05-07,540,17007779
2025-05-08,424,17008203
2025-05-09,396,17008599
2025-05-10,256,17008855
2025-05-11,255,17009110
2025-05-12,575,17009685
2025-05-13,643,17010328
2025-05-14,577,17010905
2025-05-15,470,17011375
2025-05-16,465,17011840
2025-05-17,270,17012110
2025-05-18,321,17012431
2025-05-19,625,17013056
2025-05-20,627,17013683
2025-05-21,587,17014270
2025-05-22,544,17014814
2025-05-23,451,17015265
2025-05-24,357,17015622
2025-05-25,341,17015963
2025-05-26,796,17016759
2025-05-27,758,17017517
2025-05-28,826,17018343
2025-05-29,589,17018932
2025-05-30,583,17019515
2025-05-31,367,17019882
2025-06-01,352,17020234
2025-06-02,851,17021085
2025-06-03,727,17021812
2025-06-04,797,17022609
2025-06-05,589,17023198
2025-06-06,496,17023694
2025-06-07,332,17024026
2025-06-08,357,17024383
2025-06-09,725,17025108
2025-06-10,753,17025861
2025-06-11,687,17026548
2025-06-12,622,17027170
2025-06-13,508,17027678
2025-06-14,304,17027982
2025-06-15,327,17028309
2025-06-16,841,17029150
2025-06-17,719,17029869
2025-06-18,652,17030521
2025-06-19,572,17031093
2025-06-20,570,17031663
2025-06-21,350,17032013
2025-06-22,354,17032367
2025-06-23,760,17033127
2025-06-24,636,17033763
2025-06-25,641,17034404
2025-06-26,576,17034980
2025-06-27,499,17035479
2025-06-28,320,17035799
2025-06-29,317,17036116
2025-06-30,725,17036841
2025-07-01,627,17037468
2025-07-02,671,17038139
2025-07-03,614,17038753
2025-07-04,468,17039221
2025-07-05,329,17039550
2025-07-06,303,17039853
2025-07-07,821,17040674
2025-07-08,804,17041478
2025-07-09,757,17042235
2025-07-10,580,17042815
2025-07-11,588,17043403
2025-07-12,351,17043754
2025-07-13,379,17044133
2025-07-14,795,17044928
2025-07-15,739,17045667
2025-07-16,737,17046404
2025-07-17,618,17047022
2025-07-18,567,17047589
2025-07-19,385,17047974
2025-07-20,349,17048323
2025-07-21,809,17049132
2025-07-22,736,17049868
2025-07-23,790,17050658
2025-07-24,646,17051304
2025-07-25,531,17051835
2025-07-26,377,17052212
2025-07-27,396,17052608
2025-07-28,884,17053492
2025-07-29,859,17054351
2025-07-30,837,17055188
2025-07-31,694,17055882
2025-08-01,667,17056549
2025-08-02,475,17057024
2025-08-03,467,17057491
2025-08-04,1069,17058560
2025-08-05,892,17059452
2025-08-06,855,17060307
2025-08-07,877,17061184
2025-08-08,785,17061969
2025-08-09,508,17062477
2025-08-10,548,17063025
2025-08-11,1081,17064106
2025-08-12,985,17065091
2025-08-13,964,17066055
2025-08-14,873,17066928
2025-08-15,682,17067610
2025-08-16,576,17068186
2025-08-17,549,17068735
2025-08-18,1180,17069915
2025-08-19,979,17070894
2025-08-20,961,17071855
2025-08-21,908,17072763
2025-08-22,786,17073549
2025-08-23,576,17074125
2025-08-24,593,17074718
2025-08-25,1265,17075983
2025-08-26,1087,17077070
2025-08-27,1017,17078087
2025-08-28,1048,17079135
2025-08-29,757,17079892
2025-08-30,605,17080497
2025-08-31,567,17081064
2025-09-01,1245,17082309
2025-09-02,1185,17083494
2025-09-03,1140,17084634
2025-09-04,996,17085630
2025-09-05,924,17086554
2025-09-06,632,17087186
2025-09-07,577,17087763
2025-09-08,1317,17089080
2025-09-09,1050,17090130
2025-09-10,1058,17091188
2025-09-11,968,17092156
2025-09-12,880,17093036
2025-09-13,540,17093576
2025-09-14,549,17094125
2025-09-15,1292,17095417
2025-09-16,1127,17096544
2025-09-17,1081,17097625
2025-09-18,940,17098565
2025-09-19,825,17099390
2025-09-20,524,17099914
2025-09-21,542,17100456
2025-09-22,1238,17101694
2025-09-23,1067,17102761
2025-09-24,910,17103671
2025-09-25,873,17104544
2025-09-26,728,17105272
2025-09-27,444,17105716
2025-09-28,451,17106167
2025-09-29,1160,17107327
2025-09-30,946,17108273
2025-10-01,880,17109153
2025-10-02,780,17109933
2025-10-03,782,17110715
2025-10-04,420,17111135
2025-10-05,413,17111548
2025-10-06,927,17112475
2025-10-07,878,17113353
2025-10-08,753,17114106
2025-10-09,646,17114752
2025-10-10,614,17115366
2025-10-11,315,17115681
2025-10-12,290,17115971
2025-10-13,812,17116783
2025-10-14,716,17117499
2025-10-15,663,17118162
2025-10-16,547,17118709
2025-10-17,536,17119245
2025-10-18,276,17119521
2025-10-19,271,17119792
2025-10-20,709,17120501
2025-10-21,607,17121108
2025-10-22,496,17121604
2025-10-23,487,17122091
2025-10-24,431,17122522
2025-10-25,245,17122767
2025-10-26,224,17122991
2025-10-27,660,17123651
2025-10-28,487,17124138
2025-10-29,489,17124627
2025-10-30,417,17125044
2025-10-31,329,17125373
2025-11-01,207,17125580
2025-11-02,217,17125797
2025-11-03,542,17126339
2025-11-04,492,17126831
2025-11-05,468,17127299
2025-11-06,395,17127694
2025-11-07,341,17128035
2025-11-08,182,17128217
2025-11-09,181,17128398
2025-11-10,498,17128896
2025-11-11,445,17129341
2025-11-12,407,17129748
2025-11-13,388,17130136
2025-11-14,296,17130432
2025-11-15,213,17130645
2025-11-16,176,17130821
2025-11-17,519,17131340
2025-11-18,384,17131724
2025-11-19,400,17132124
2025-11-20,321,17132445
2025-11-21,293,17132738
2025-11-22,197,17132935
2025-11-23,193,17133128
2025-11-24,556,17133684
2025-11-25,383,17134067
2025-11-26,379,17134446
2025-11-27,274,17134720
2025-11-28,290,17135010
2025-11-29,176,17135186
2025-11-30,189,17135375
2025-12-01,457,17135832
2025-12-02,496,17136328
2025-12-03,344,17136672
2025-12-04,324,17136996
2025-12-05,265,17137261
2025-12-06,203,17137464
2025-12-07,206,17137670
2025-12-08,431,17138101
2025-12-09,379,17138480
2025-12-10,374,17138854
2025-12-11,313,17139167
2025-12-12,281,17139448
2025-12-13,172,17139620
2025-12-14,153,17139773
2025-12-15,501,17140274
2025-12-16,368,17140642
2025-12-17,356,17140998
2025-12-18,305,17141303
2025-12-19,303,17141606
2025-12-20,207,17141813
2025-12-21,172,17141985
2025-12-22,408,17142393
2025-12-23,281,17142674
2025-12-24,224,17142898
2025-12-25,136,17143034
2025-12-26,236,17143270
2025-12-27,234,17143504
2025-12-28,265,17143769
2025-12-29,450,17144219
2025-12-30,330,17144549
2025-12-31,264,17144813
