collection_date,n_sequences,cumulative
2019-12-24,1,1
2019-12-26,1,2
2019-12-30,18,20
2019-12-31,1,21
2020-01-01,6,27
2020-01-02,2,29
2020-01-03,2,31
2020-01-04,1,32
2020-01-05,2,34
2020-01-08,2,36
2020-01-10,16,52
2020-01-11,3,55
2020-01-13,4,59
2020-01-14,2,61
2020-01-15,4,65
2020-01-16,13,78
2020-01-17,7,85
2020-01-18,4,89
2020-01-19,9,98
2020-01-20,7,105
2020-01-21,24,129
2020-01-22,34,163
2020-01-23,27,190
2020-01-24,27,217
2020-01-25,53,270
2020-01-26,51,321
2020-01-27,45,366
2020-01-28,30,396
2020-01-29,51,447
2020-01-30,51,498
2020-01-31,30,528
2020-02-01,39,567
2020-02-02,44,611
2020-02-03,35,646
2020-02-04,28,674
2020-02-05,46,720
2020-02-06,35,755
2020-02-07,42,797
2020-02-08,48,845
2020-02-09,34,879
2020-02-10,36,915
2020-02-11,32,947
2020-02-12,14,961
2020-02-13,20,981
2020-02-14,24,1005
2020-02-15,48,1053
2020-02-16,39,1092
2020-02-17,55,1147
2020-02-18,34,1181
2020-02-19,36,1217
2020-02-20,45,1262
2020-02-21,47,1309
2020-02-22,49,1358
2020-02-23,37,1395
2020-02-24,63,1458
2020-02-25,74,1532
2020-02-26,78,1610
2020-02-27,108,1718
2020-02-28,150,1868
2020-02-29,127,1995
2020-03-01,152,2147
2020-03-02,247,2394
2020-03-03,319,2713
2020-03-04,372,3085
2020-03-05,420,3505
2020-03-06,354,3859
2020-03-07,348,4207
2020-03-08,417,4624
2020-03-09,855,5479
2020-03-10,760,6239
2020-03-11,855,7094
2020-03-12,1014,8108
2020-03-13,1176,9284
2020-03-14,1123,10407
2020-03-15,1317,11724
2020-03-16,1957,13681
2020-03-17,1831,15512
2020-03-18,1822,17334
2020-03-19,1762,19096
2020-03-20,1879,20975
2020-03-21,1496,22471
2020-03-22,1579,24050
2020-03-23,2299,26349
2020-03-24,2246,28595
2020-03-25,2314,30909
2020-03-26,2195,33104
2020-03-27,2312,35416
2020-03-28,1785,37201
2020-03-29,1557,38758
2020-03-30,2540,41298
2020-03-31,2096,43394
2020-04-01,2200,45594
2020-04-02,1898,47492
2020-04-03,1903,49395
2020-04-04,1350,50745
2020-04-05,1217,51962
2020-04-06,2092,54054
2020-04-07,1767,55821
2020-04-08,1866,57687
2020-04-09,1562,59249
2020-04-10,1604,60853
2020-04-11,1340,62193
2020-04-12,1004,63197
2020-04-13,1738,64935
2020-04-14,1602,66537
2020-04-15,1472,68009
2020-04-16,1406,69415
2020-04-17,1442,70857
2020-04-18,987,71844
2020-04-19,741,72585
2020-04-20,1518,74103
2020-04-21,1295,75398
2020-04-22,1314,76712
2020-04-23,1204,77916
2020-04-24,1103,79019
2020-04-25,757,79776
2020-04-26,697,80473
2020-04-27,1184,81657
2020-04-28,980,82637
2020-04-29,1060,83697
2020-04-30,1153,84850
2020-05-01,999,85849
2020-05-02,714,86563
2020-05-03,629,87192
2020-05-04,1181,88373
2020-05-05,973,89346
2020-05-06,849,90195
2020-05-07,869,91064
2020-05-08,788,91852
2020-05-09,573,92425
2020-05-10,467,92892
2020-05-11,900,93792
2020-05-12,786,94578
2020-05-13,791,95369
2020-05-14,870,96239
2020-05-15,965,97204
2020-05-16,488,97692
2020-05-17,486,98178
2020-05-18,1023,99201
2020-05-19,953,100154
2020-05-20,689,100843
2020-05-21,676,101519
2020-05-22,630,102149
2020-05-23,403,102552
2020-05-24,369,102921
2020-05-25,560,103481
2020-05-26,657,104138
2020-05-27,700,104838
2020-05-28,486,105324
2020-05-29,549,105873
2020-05-30,335,106208
2020-05-31,293,106501
2020-06-01,690,107191
2020-06-02,618,107809
2020-06-03,617,108426
2020-06-04,605,109031
2020-06-05,654,109685
2020-06-06,366,110051
2020-06-07,440,110491
2020-06-08,854,111345
2020-06-09,778,112123
2020-06-10,782,112905
2020-06-11,1014,113919
2020-06-12,894,114813
2020-06-13,670,115483
2020-06-14,587,116070
2020-06-15,1098,117168
2020-06-16,1202,118370
2020-06-17,1028,119398
2020-06-18,1103,120501
2020-06-19,1117,121618
2020-06-20,663,122281
2020-06-21,591,122872
2020-06-22,912,123784
2020-06-23,984,124768
2020-06-24,1045,125813
2020-06-25,963,126776
2020-06-26,930,127706
2020-06-27,571,128277
2020-06-28,504,128781
2020-06-29,1126,129907
2020-06-30,1081,130988
2020-07-01,1222,132210
2020-07-02,1330,133540
2020-07-03,1045,134585
2020-07-04,731,135316
2020-07-05,562,135878
2020-07-06,1181,137059
2020-07-07,1238,138297
2020-07-08,1338,139635
2020-07-09,1314,140949
2020-07-10,1099,142048
2020-07-11,621,142669
2020-07-12,557,143226
2020-07-13,1285,144511
2020-07-14,1264,145775
2020-07-15,1374,147149
2020-07-16,1179,148328
2020-07-17,1268,149596
2020-07-18,958,150554
2020-07-19,703,151257
2020-07-20,1174,152431
2020-07-21,1239,153670
2020-07-22,1204,154874
2020-07-23,1209,156083
2020-07-24,1051,157134
2020-07-25,812,157946
2020-07-26,570,158516
2020-07-27,1537,160053
2020-07-28,1201,161254
2020-07-29,1241,162495
2020-07-30,1194,163689
2020-07-31,1101,164790
2020-08-01,925,165715
2020-08-02,802,166517
2020-08-03,1372,167889
2020-08-04,1233,169122
2020-08-05,1135,170257
2020-08-06,1243,171500
2020-08-07,1047,172547
2020-08-08,684,173231
2020-08-09,804,174035
2020-08-10,1618,175653
2020-08-11,1324,176977
2020-08-12,1212,178189
2020-08-13,1227,179416
2020-08-14,1117,180533
2020-08-15,789,181322
2020-08-16,620,181942
2020-08-17,1604,183546
2020-08-18,1147,184693
2020-08-19,1114,185807
2020-08-20,1229,187036
2020-08-21,1132,188168
2020-08-22,656,188824
2020-08-23,498,189322
2020-08-24,1441,190763
2020-08-25,1175,191938
2020-08-26,1488,193426
2020-08-27,1288,194714
2020-08-28,1233,195947
2020-08-29,757,196704
2020-08-30,819,197523
2020-08-31,2008,199531
2020-09-01,1472,201003
2020-09-02,1234,202237
2020-09-03,1341,203578
2020-09-04,1142,204720
2020-09-05,627,205347
2020-09-06,421,205768
2020-09-07,1336,207104
2020-09-08,1291,208395
2020-09-09,1887,210282
2020-09-10,1951,212233
2020-09-11,1255,213488
2020-09-12,559,214047
2020-09-13,476,214523
2020-09-14,1892,216415
2020-09-15,1248,217663
2020-09-16,1987,219650
2020-09-17,1216,220866
2020-09-18,1396,222262
2020-09-19,876,223138
2020-09-20,805,223943
2020-09-21,2556,226499
2020-09-22,1249,227748
2020-09-23,1665,229413
2020-09-24,2561,231974
2020-09-25,1467,233441
2020-09-26,788,234229
2020-09-27,1071,235300
2020-09-28,1568,236868
2020-09-29,1487,238355
2020-09-30,1392,239747
2020-10-01,2240,241987
2020-10-02,1529,243516
2020-10-03,1128,244644
2020-10-04,718,245362
2020-10-05,2772,248134
2020-10-06,2392,250526
2020-10-07,2365,252891
2020-10-08,2088,254979
2020-10-09,1769,256748
2020-10-10,1044,257792
2020-10-11,936,258728
2020-10-12,3104,261832
2020-10-13,1682,263514
2020-10-14,2122,265636
2020-10-15,2627,268263
2020-10-16,1858,270121
2020-10-17,1495,271616
2020-10-18,970,272586
2020-10-19,2629,275215
2020-10-20,2519,277734
2020-10-21,3077,280811
2020-10-22,3195,284006
2020-10-23,2065,286071
2020-10-24,1403,287474
2020-10-25,896,288370
2020-10-26,4532,292902
2020-10-27,2175,295077
2020-10-28,1600,296677
2020-10-29,2484,299161
2020-10-30,2357,301518
2020-10-31,1298,302816
2020-11-01,2521,305337
2020-11-02,5160,310497
2020-11-03,2632,313129
2020-11-04,3375,316504
2020-11-05,3085,319589
2020-11-06,2449,322038
2020-11-07,1974,324012
2020-11-08,2640,326652
2020-11-09,4315,330967
2020-11-10,2683,333650
2020-11-11,3194,336844
2020-11-12,3429,340273
2020-11-13,3286,343559
2020-11-14,2883,346442
2020-11-15,1761,348203
2020-11-16,3585,351788
2020-11-17,2659,354447
2020-11-18,3206,357653
2020-11-19,1821,359474
2020-11-20,2253,361727
2020-11-21,1504,363231
2020-11-22,1809,365040
2020-11-23,4154,369194
2020-11-24,2905,372099
2020-11-25,2255,374354
2020-11-26,1561,375915
2020-11-27,2099,378014
2020-11-28,1321,379335
2020-11-29,1186,380521
2020-11-30,5178,385699
2020-12-01,2942,388641
2020-12-02,2973,391614
2020-12-03,2500,394114
2020-12-04,2287,396401
2020-12-05,1345,397746
2020-12-06,1365,399111
2020-12-07,6181,405292
2020-12-08,2702,407994
2020-12-09,3489,411483
2020-12-10,5395,416878
2020-12-11,4989,421867
2020-12-12,3110,424977
2020-12-13,2459,427436
2020-12-14,8761,436197
2020-12-15,4828,441025
2020-12-16,4503,445528
2020-12-17,4083,449611
2020-12-18,3946,453557
2020-12-19,2797,456354
2020-12-20,2505,458859
2020-12-21,6905,465764
2020-12-22,3463,469227
2020-12-23,3136,472363
2020-12-24,2573,474936
2020-12-25,1404,476340
2020-12-26,3379,479719
2020-12-27,3097,482816
2020-12-28,7917,490733
2020-12-29,5498,496231
2020-12-30,4178,500409
2020-12-31,3543,503952
2021-01-01,2255,506207
2021-01-02,4122,510329
2021-01-03,4009,514338
2021-01-04,11205,525543
2021-01-05,6977,532520
2021-01-06,4890,537410
2021-01-07,5286,542696
2021-01-08,5269,547965
2021-01-09,4568,552533
2021-01-10,3378,555911
2021-01-11,10497,566408
2021-01-12,7108,573516
2021-01-13,5846,579362
2021-01-14,6718,586080
2021-01-15,6694,592774
2021-01-16,4723,597497
2021-01-17,3988,601485
2021-01-18,10603,612088
2021-01-19,7464,619552
2021-01-20,6202,625754
2021-01-21,5809,631563
2021-01-22,5883,637446
2021-01-23,3659,641105
2021-01-24,3180,644285
2021-01-25,10792,655077
2021-01-26,7703,662780
2021-01-27,7896,670676
2021-01-28,7091,677767
2021-01-29,7036,684803
2021-01-30,4454,689257
2021-01-31,3595,692852
2021-02-01,10657,703509
2021-02-02,8048,711557
2021-02-03,7140,718697
2021-02-04,6247,724944
2021-02-05,5298,730242
2021-02-06,3953,734195
2021-02-07,3779,737974
2021-02-08,11111,749085
2021-02-09,7984,757069
2021-02-10,7973,765042
2021-02-11,7206,772248
2021-02-12,7219,779467
2021-02-13,4552,784019
2021-02-14,4456,788475
2021-02-15,11903,800378
2021-02-16,8946,809324
2021-02-17,7943,817267
2021-02-18,7544,824811
2021-02-19,7348,832159
2021-02-20,4898,837057
2021-02-21,4817,841874
2021-02-22,12701,854575
2021-02-23,8543,863118
2021-02-24,9246,872364
2021-02-25,9414,881778
2021-02-26,8070,889848
2021-02-27,4863,894711
2021-02-28,4764,899475
2021-03-01,13315,912790
2021-03-02,10205,922995
2021-03-03,9728,932723
2021-03-04,8339,941062
2021-03-05,8527,949589
2021-03-06,5327,954916
2021-03-07,4589,959505
2021-03-08,14656,974161
2021-03-09,10866,985027
2021-03-10,10992,996019
2021-03-11,10407,1006426
2021-03-12,9769,1016195
2021-03-13,6643,1022838
2021-03-14,5916,1028754
2021-03-15,16854,1045608
2021-03-16,13199,1058807
2021-03-17,10362,1069169
2021-03-18,10978,1080147
2021-03-19,9165,1089312
2021-03-20,7307,1096619
2021-03-21,7324,1103943
2021-03-22,18149,1122092
2021-03-23,11877,1133969
2021-03-24,11477,1145446
2021-03-25,11832,1157278
2021-03-26,10713,1167991
2021-03-27,7103,1175094
2021-03-28,6239,1181333
2021-03-29,17256,1198589
2021-03-30,13702,1212291
2021-03-31,11745,1224036
2021-04-01,12022,1236058
2021-04-02,9147,1245205
2021-04-03,7116,1252321
2021-04-04,6274,1258595
2021-04-05,14080,1272675
2021-04-06,12277,1284952
2021-04-07,11856,1296808
2021-04-08,11873,1308681
2021-04-09,11478,1320159
2021-04-10,8323,1328482
2021-04-11,6522,1335004
2021-04-12,17325,1352329
2021-04-13,13535,1365864
2021-04-14,11881,1377745
2021-04-15,11271,1389016
2021-04-16,11389,1400405
2021-04-17,7430,1407835
2021-04-18,5624,1413459
2021-04-19,16142,1429601
2021-04-20,12455,1442056
2021-04-21,11380,1453436
2021-04-22,11232,1464668
2021-04-23,10787,1475455
2021-04-24,6960,1482415
2021-04-25,5540,1487955
2021-04-26,16713,1504668
2021-04-27,12824,1517492
2021-04-28,11040,1528532
2021-04-29,11400,1539932
2021-04-30,11539,1551471
2021-05-01,6941,1558412
2021-05-02,5661,1564073
2021-05-03,16758,1580831
2021-05-04,10888,1591719
2021-05-05,10833,1602552
2021-05-06,10334,1612886
2021-05-07,9804,1622690
2021-05-08,6364,1629054
2021-05-09,4902,1633956
2021-05-10,15553,1649509
2021-05-11,10564,1660073
2021-05-12,9121,1669194
2021-05-13,7568,1676762
2021-05-14,7852,1684614
2021-05-15,5601,1690215
2021-05-16,4230,1694445
2021-05-17,14854,1709299
2021-05-18,9530,1718829
2021-05-19,8544,1727373
2021-05-20,7670,1735043
2021-05-21,7193,1742236
2021-05-22,4544,1746780
2021-05-23,3439,1750219
2021-05-24,11770,1761989
2021-05-25,8783,1770772
2021-05-26,8018,1778790
2021-05-27,7141,1785931
2021-05-28,6541,1792472
2021-05-29,4609,1797081
2021-05-30,4059,1801140
2021-05-31,9740,1810880
2021-06-01,8871,1819751
2021-06-02,7550,1827301
2021-06-03,7050,1834351
2021-06-04,6807,1841158
2021-06-05,4943,1846101
2021-06-06,4398,1850499
2021-06-07,11216,1861715
2021-06-08,8472,1870187
2021-06-09,7050,1877237
2021-06-10,5932,1883169
2021-06-11,5535,1888704
2021-06-12,3145,1891849
2021-06-13,2770,1894619
2021-06-14,7703,1902322
2021-06-15,7207,1909529
2021-06-16,7271,1916800
2021-06-17,6464,1923264
2021-06-18,6950,1930214
2021-06-19,3935,1934149
2021-06-20,3840,1937989
2021-06-21,8391,1946380
2021-06-22,9200,1955580
2021-06-23,7674,1963254
2021-06-24,7434,1970688
2021-06-25,6344,1977032
2021-06-26,6484,1983516
2021-06-27,5601,1989117
2021-06-28,10431,1999548
2021-06-29,11628,2011176
2021-06-30,9743,2020919
2021-07-01,9250,2030169
2021-07-02,8360,2038529
2021-07-03,5901,2044430
2021-07-04,6537,2050967
2021-07-05,11507,2062474
2021-07-06,10794,2073268
2021-07-07,12931,2086199
2021-07-08,10727,2096926
2021-07-09,10433,2107359
2021-07-10,7123,2114482
2021-07-11,6939,2121421
2021-07-12,13521,2134942
2021-07-13,12944,2147886
2021-07-14,12372,2160258
2021-07-15,12765,2173023
2021-07-16,13152,2186175
2021-07-17,9043,2195218
2021-07-18,8096,2203314
2021-07-19,18084,2221398
2021-07-20,19299,2240697
2021-07-21,16385,2257082
2021-07-22,16689,2273771
2021-07-23,15555,2289326
2021-07-24,13005,2302331
2021-07-25,11626,2313957
2021-07-26,20958,2334915
2021-07-27,19846,2354761
2021-07-28,19883,2374644
2021-07-29,21069,2395713
2021-07-30,19279,2414992
2021-07-31,14005,2428997
2021-08-01,12073,2441070
2021-08-02,22070,2463140
2021-08-03,22990,2486130
2021-08-04,21811,2507941
2021-08-05,21862,2529803
2021-08-06,19970,2549773
2021-08-07,17317,2567090
2021-08-08,13916,2581006
2021-08-09,21102,2602108
2021-08-10,24110,2626218
2021-08-11,19084,2645302
2021-08-12,20990,2666292
2021-08-13,18840,2685132
2021-08-14,16246,2701378
2021-08-15,15010,2716388
2021-08-16,26053,2742441
2021-08-17,27409,2769850
2021-08-18,28483,2798333
2021-08-19,25884,2824217
2021-08-20,22593,2846810
2021-08-21,15809,2862619
2021-08-22,11807,2874426
2021-08-23,24136,2898562
2021-08-24,25277,2923839
2021-08-25,21557,2945396
2021-08-26,21516,2966912
2021-08-27,20699,2987611
2021-08-28,13973,3001584
2021-08-29,11286,3012870
2021-08-30,24489,3037359
2021-08-31,26420,3063779
2021-09-01,21531,3085310
2021-09-02,21378,3106688
2021-09-03,19633,3126321
2021-09-04,13238,3139559
2021-09-05,10793,3150352
2021-09-06,18050,3168402
2021-09-07,24797,3193199
2021-09-08,21683,3214882
2021-09-09,21153,3236035
2021-09-10,20020,3256055
2021-09-11,11939,3267994
2021-09-12,11269,3279263
2021-09-13,22857,3302120
2021-09-14,19594,3321714
2021-09-15,17304,3339018
2021-09-16,17114,3356132
2021-09-17,17477,3373609
2021-09-18,11219,3384828
2021-09-19,10647,3395475
2021-09-20,19775,3415250
2021-09-21,19151,3434401
2021-09-22,14155,3448556
2021-09-23,15730,3464286
2021-09-24,16956,3481242
2021-09-25,9175,3490417
2021-09-26,9304,3499721
2021-09-27,20084,3519805
2021-09-28,18438,3538243
2021-09-29,18872,3557115
2021-09-30,16350,3573465
2021-10-01,14069,3587534
2021-10-02,9876,3597410
2021-10-03,10151,3607561
2021-10-04,19524,3627085
2021-10-05,18766,3645851
2021-10-06,16851,3662702
2021-10-07,17943,3680645
2021-10-08,15454,3696099
2021-10-09,11492,3707591
2021-10-10,10170,3717761
2021-10-11,16914,3734675
2021-10-12,18443,3753118
2021-10-13,15382,3768500
2021-10-14,15851,3784351
2021-10-15,15057,3799408
2021-10-16,9970,3809378
2021-10-17,9496,3818874
2021-10-18,19703,3838577
2021-10-19,19783,3858360
2021-10-20,16826,3875186
2021-10-21,16413,3891599
2021-10-22,16768,3908367
2021-10-23,13343,3921710
2021-10-24,11410,3933120
2021-10-25,21503,3954623
2021-10-26,20018,3974641
2021-10-27,19339,3993980
2021-10-28,18860,4012840
2021-10-29,16552,4029392
2021-10-30,12757,4042149
2021-10-31,13098,4055247
2021-11-01,19095,4074342
2021-11-02,21272,4095614
2021-11-03,22378,4117992
2021-11-04,21084,4139076
2021-11-05,20048,4159124
2021-11-06,13807,4172931
2021-11-07,13925,4186856
2021-11-08,26679,4213535
2021-11-09,23375,4236910
2021-11-10,22876,4259786
2021-11-11,19865,4279651
2021-11-12,19571,4299222
2021-11-13,14942,4314164
2021-11-14,12321,4326485
2021-11-15,25607,4352092
2021-11-16,23456,4375548
2021-11-17,21815,4397363
2021-11-18,20366,4417729
2021-11-19,18131,4435860
2021-11-20,14959,4450819
2021-11-21,14009,4464828
2021-11-22,27097,4491925
2021-11-23,21282,4513207
2021-11-24,19500,4532707
2021-11-25,14192,4546899
2021-11-26,19390,4566289
2021-11-27,13753,4580042
2021-11-28,15191,4595233
2021-11-29,33482,4628715
2021-11-30,26062,4654777
2021-12-01,23520,4678297
2021-12-02,22292,4700589
2021-12-03,20748,4721337
2021-12-04,17251,4738588
2021-12-05,15803,4754391
2021-12-06,32857,4787248
2021-12-07,24222,4811470
2021-12-08,21264,4832734
2021-12-09,18192,4850926
2021-12-10,17146,4868072
2021-12-11,12150,4880222
2021-12-12,10374,4890596
2021-12-13,21206,4911802
2021-12-14,17919,4929721
2021-12-15,15100,4944821
2021-12-16,13397,4958218
2021-12-17,11208,4969426
2021-12-18,7875,4977301
2021-12-19,5786,4983087
2021-12-20,14001,4997088
2021-12-21,9470,5006558
2021-12-22,8207,5014765
2021-12-23,7229,5021994
2021-12-24,3979,5025973
2021-12-25,2350,5028323
2021-12-26,3671,5031994
2021-12-27,8575,5040569
2021-12-28,5401,5045970
2021-12-29,5021,5050991
2021-12-30,4970,5055961
2021-12-31,2819,5058780
2022-01-01,1596,5060376
2022-01-02,3199,5063575
2022-01-03,5413,5068988
2022-01-04,3829,5072817
2022-01-05,3371,5076188
2022-01-06,2735,5078923
2022-01-07,3445,5082368
2022-01-08,1802,5084170
2022-01-09,1384,5085554
2022-01-10,3218,5088772
2022-01-11,2984,5091756
2022-01-12,2444,5094200
2022-01-13,2386,5096586
2022-01-14,2368,5098954
2022-01-15,1599,5100553
2022-01-16,1426,5101979
2022-01-17,2743,5104722
2022-01-18,2815,5107537
2022-01-19,2381,5109918
2022-01-20,2101,5112019
2022-01-21,2388,5114407
2022-01-22,1817,5116224
2022-01-23,1749,5117973
2022-01-24,3077,5121050
2022-01-25,2848,5123898
2022-01-26,1904,5125802
2022-01-27,1841,5127643
2022-01-28,1426,5129069
2022-01-29,1381,5130450
2022-01-30,2078,5132528
2022-01-31,3245,5135773
2022-02-01,1576,5137349
2022-02-02,1624,5138973
2022-02-03,2430,5141403
2022-02-04,2219,5143622
2022-02-05,1878,5145500
2022-02-06,1783,5147283
2022-02-07,2690,5149973
2022-02-08,2091,5152064
2022-02-09,1858,5153922
2022-02-10,1793,5155715
2022-02-11,2329,5158044
2022-02-12,2047,5160091
2022-02-13,2180,5162271
2022-02-14,4081,5166352
2022-02-15,3195,5169547
2022-02-16,1958,5171505
2022-02-17,2846,5174351
2022-02-18,3106,5177457
2022-02-19,1695,5179152
2022-02-20,1712,5180864
2022-02-21,3321,5184185
2022-02-22,2875,5187060
2022-02-23,2018,5189078
2022-02-24,3430,5192508
2022-02-25,2842,5195350
2022-02-26,2684,5198034
2022-02-27,2293,5200327
2022-02-28,3039,5203366
2022-03-01,3040,5206406
2022-03-02,3130,5209536
2022-03-03,3280,5212816
2022-03-04,2616,5215432
2022-03-05,2281,5217713
2022-03-06,2572,5220285
2022-03-07,3545,5223830
2022-03-08,3535,5227365
2022-03-09,3145,5230510
2022-03-10,2839,5233349
2022-03-11,2959,5236308
2022-03-12,1864,5238172
2022-03-13,2714,5240886
2022-03-14,4846,5245732
2022-03-15,3097,5248829
2022-03-16,3545,5252374
2022-03-17,3104,5255478
2022-03-18,3006,5258484
2022-03-19,2223,5260707
2022-03-20,2595,5263302
2022-03-21,4577,5267879
2022-03-22,4247,5272126
2022-03-23,2927,5275053
2022-03-24,2747,5277800
2022-03-25,2407,5280207
2022-03-26,3177,5283384
2022-03-27,2523,5285907
2022-03-28,4423,5290330
2022-03-29,3398,5293728
2022-03-30,3826,5297554
2022-03-31,3332,5300886
2022-04-01,3103,5303989
2022-04-02,2532,5306521
2022-04-03,2347,5308868
2022-04-04,4913,5313781
2022-04-05,4217,5317998
2022-04-06,3538,5321536
2022-04-07,3680,5325216
2022-04-08,3149,5328365
2022-04-09,2368,5330733
2022-04-10,1964,5332697
2022-04-11,4665,5337362
2022-04-12,3530,5340892
2022-04-13,3186,5344078
2022-04-14,2570,5346648
2022-04-15,2264,5348912
2022-04-16,2078,5350990
2022-04-17,1894,5352884
2022-04-18,2968,5355852
2022-04-19,4255,5360107
2022-04-20,3228,5363335
2022-04-21,2745,5366080
2022-04-22,2939,5369019
2022-04-23,1967,5370986
2022-04-24,1835,5372821
2022-04-25,3651,5376472
2022-04-26,3073,5379545
2022-04-27,2853,5382398
2022-04-28,2623,5385021
2022-04-29,2328,5387349
2022-04-30,1710,5389059
2022-05-01,1647,5390706
2022-05-02,3033,5393739
2022-05-03,3106,5396845
2022-05-04,2592,5399437
2022-05-05,2694,5402131
2022-05-06,2202,5404333
2022-05-07,1499,5405832
2022-05-08,1570,5407402
2022-05-09,3433,5410835
2022-05-10,2915,5413750
2022-05-11,2677,5416427
2022-05-12,2979,5419406
2022-05-13,2297,5421703
2022-05-14,1745,5423448
2022-05-15,1493,5424941
2022-05-16,3099,5428040
2022-05-17,2691,5430731
2022-05-18,2626,5433357
2022-05-19,2419,5435776
2022-05-20,2068,5437844
2022-05-21,1451,5439295
2022-05-22,1512,5440807
2022-05-23,2720,5443527
2022-05-24,2397,5445924
2022-05-25,2129,5448053
2022-05-26,1581,5449634
2022-05-27,2040,5451674
2022-05-28,1197,5452871
2022-05-29,1067,5453938
2022-05-30,2073,5456011
2022-05-31,2108,5458119
2022-06-01,1959,5460078
2022-06-02,1889,5461967
2022-06-03,1568,5463535
2022-06-04,1084,5464619
2022-06-05,933,5465552
2022-06-06,1676,5467228
2022-06-07,2271,5469499
2022-06-08,1771,5471270
2022-06-09,1662,5472932
2022-06-10,1468,5474400
2022-06-11,1051,5475451
2022-06-12,989,5476440
2022-06-13,2280,5478720
2022-06-14,1736,5480456
2022-06-15,1692,5482148
2022-06-16,1330,5483478
2022-06-17,1398,5484876
2022-06-18,970,5485846
2022-06-19,808,5486654
2022-06-20,1803,5488457
2022-06-21,1689,5490146
2022-06-22,1493,5491639
2022-06-23,1239,5492878
2022-06-24,882,5493760
2022-06-25,612,5494372
2022-06-26,552,5494924
2022-06-27,1244,5496168
2022-06-28,924,5497092
2022-06-29,869,5497961
2022-06-30,824,5498785
2022-07-01,714,5499499
2022-07-02,498,5499997
2022-07-03,505,5500502
2022-07-04,779,5501281
2022-07-05,839,5502120
2022-07-06,729,5502849
2022-07-07,658,5503507
2022-07-08,682,5504189
2022-07-09,434,5504623
2022-07-10,409,5505032
2022-07-11,789,5505821
2022-07-12,739,5506560
2022-07-13,630,5507190
2022-07-14,573,5507763
2022-07-15,549,5508312
2022-07-16,357,5508669
2022-07-17,362,5509031
2022-07-18,664,5509695
2022-07-19,561,5510256
2022-07-20,566,5510822
2022-07-21,475,5511297
2022-07-22,441,5511738
2022-07-23,293,5512031
2022-07-24,258,5512289
2022-07-25,490,5512779
2022-07-26,433,5513212
2022-07-27,442,5513654
2022-07-28,424,5514078
2022-07-29,389,5514467
2022-07-30,231,5514698
2022-07-31,197,5514895
2022-08-01,567,5515462
2022-08-02,369,5515831
2022-08-03,360,5516191
2022-08-04,310,5516501
2022-08-05,299,5516800
2022-08-06,184,5516984
2022-08-07,167,5517151
2022-08-08,358,5517509
2022-08-09,334,5517843
2022-08-10,311,5518154
2022-08-11,303,5518457
2022-08-12,355,5518812
2022-08-13,191,5519003
2022-08-14,197,5519200
2022-08-15,272,5519472
2022-08-16,293,5519765
2022-08-17,332,5520097
2022-08-18,269,5520366
2022-08-19,220,5520586
2022-08-20,185,5520771
2022-08-21,148,5520919
2022-08-22,380,5521299
2022-08-23,342,5521641
2022-08-24,308,5521949
2022-08-25,244,5522193
2022-08-26,231,5522424
2022-08-27,194,5522618
2022-08-28,149,5522767
2022-08-29,304,5523071
2022-08-30,268,5523339
2022-08-31,225,5523564
2022-09-01,220,5523784
2022-09-02,222,5524006
2022-09-03,134,5524140
2022-09-04,138,5524278
2022-09-05,281,5524559
2022-09-06,293,5524852
2022-09-07,295,5525147
2022-09-08,266,5525413
2022-09-09,257,5525670
2022-09-10,204,5525874
2022-09-11,174,5526048
2022-09-12,296,5526344
2022-09-13,268,5526612
2022-09-14,279,5526891
2022-09-15,208,5527099
2022-09-16,211,5527310
2022-09-17,135,5527445
2022-09-18,143,5527588
2022-09-19,425,5528013
2022-09-20,443,5528456
2022-09-21,479,5528935
2022-09-22,526,5529461
2022-09-23,233,5529694
2022-09-24,259,5529953
2022-09-25,184,5530137
2022-09-26,298,5530435
2022-09-27,243,5530678
2022-09-28,266,5530944
2022-09-29,225,5531169
2022-09-30,280,5531449
2022-10-01,232,5531681
2022-10-02,187,5531868
2022-10-03,417,5532285
2022-10-04,396,5532681
2022-10-05,385,5533066
2022-10-06,321,5533387
2022-10-07,257,5533644
2022-10-08,169,5533813
2022-10-09,160,5533973
2022-10-10,483,5534456
2022-10-11,409,5534865
2022-10-12,355,5535220
2022-10-13,327,5535547
2022-10-14,267,5535814
2022-10-15,160,5535974
2022-10-16,196,5536170
2022-10-17,433,5536603
2022-10-18,384,5536987
2022-10-19,293,5537280
2022-10-20,264,5537544
2022-10-21,229,5537773
2022-10-22,144,5537917
2022-10-23,146,5538063
2022-10-24,332,5538395
2022-10-25,427,5538822
2022-10-26,243,5539065
2022-10-27,326,5539391
2022-10-28,215,5539606
2022-10-29,174,5539780
2022-10-30,156,5539936
2022-10-31,312,5540248
2022-11-01,297,5540545
2022-11-02,425,5540970
2022-11-03,297,5541267
2022-11-04,503,5541770
2022-11-05,173,5541943
2022-11-06,307,5542250
2022-11-07,565,5542815
2022-11-08,370,5543185
2022-11-09,318,5543503
2022-11-10,337,5543840
2022-11-11,484,5544324
2022-11-12,218,5544542
2022-11-13,366,5544908
2022-11-14,439,5545347
2022-11-15,350,5545697
2022-11-16,475,5546172
2022-11-17,397,5546569
2022-11-18,347,5546916
2022-11-19,189,5547105
2022-11-20,213,5547318
2022-11-21,476,5547794
2022-11-22,368,5548162
2022-11-23,449,5548611
2022-11-24,421,5549032
2022-11-25,423,5549455
2022-11-26,256,5549711
2022-11-27,289,5550000
2022-11-28,602,5550602
2022-11-29,534,5551136
2022-11-30,642,5551778
2022-12-01,475,5552253
2022-12-02,516,5552769
2022-12-03,312,5553081
2022-12-04,321,5553402
2022-12-05,527,5553929
2022-12-06,400,5554329
2022-12-07,548,5554877
2022-12-08,518,5555395
2022-12-09,432,5555827
2022-12-10,260,5556087
2022-12-11,299,5556386
2022-12-12,606,5556992
2022-12-13,425,5557417
2022-12-14,567,5557984
2022-12-15,603,5558587
2022-12-16,427,5559014
2022-12-17,314,5559328
2022-12-18,313,5559641
2022-12-19,671,5560312
2022-12-20,421,5560733
2022-12-21,523,5561256
2022-12-22,444,5561700
2022-12-23,379,5562079
2022-12-24,191,5562270
2022-12-25,221,5562491
2022-12-26,428,5562919
2022-12-27,449,5563368
2022-12-28,517,5563885
2022-12-29,612,5564497
2022-12-30,340,5564837
2022-12-31,200,5565037
2023-01-01,304,5565341
2023-01-02,450,5565791
2023-01-03,460,5566251
2023-01-04,604,5566855
2023-01-05,532,5567387
2023-01-06,290,5567677
2023-01-07,229,5567906
2023-01-08,199,5568105
2023-01-09,491,5568596
2023-01-10,325,5568921
2023-01-11,650,5569571
2023-01-12,399,5569970
2023-01-13,242,5570212
2023-01-14,186,5570398
2023-01-15,202,5570600
2023-01-16,444,5571044
2023-01-17,394,5571438
2023-01-18,614,5572052
2023-01-19,353,5572405
2023-01-20,241,5572646
2023-01-21,194,5572840
2023-01-22,168,5573008
2023-01-23,476,5573484
2023-01-24,322,5573806
2023-01-25,465,5574271
2023-01-26,277,5574548
2023-01-27,224,5574772
2023-01-28,212,5574984
2023-01-29,193,5575177
2023-01-30,465,5575642
2023-01-31,433,5576075
2023-02-01,377,5576452
2023-02-02,272,5576724
2023-02-03,260,5576984
2023-02-04,176,5577160
2023-02-05,185,5577345
2023-02-06,377,5577722
2023-02-07,389,5578111
2023-02-08,442,5578553
2023-02-09,367,5578920
2023-02-10,264,5579184
2023-02-11,213,5579397
2023-02-12,246,5579643
2023-02-13,380,5580023
2023-02-14,414,5580437
2023-02-15,446,5580883
2023-02-16,338,5581221
2023-02-17,209,5581430
2023-02-18,208,5581638
2023-02-19,152,5581790
2023-02-20,348,5582138
2023-02-21,340,5582478
2023-02-22,405,5582883
2023-02-23,320,5583203
2023-02-24,191,5583394
2023-02-25,131,5583525
2023-02-26,135,5583660
2023-02-27,337,5583997
2023-02-28,393,5584390
2023-03-01,307,5584697
2023-03-02,225,5584922
2023-03-03,172,5585094
2023-03-04,198,5585292
2023-03-05,150,5585442
2023-03-06,327,5585769
2023-03-07,236,5586005
2023-03-08,382,5586387
2023-03-09,209,5586596
2023-03-10,217,5586813
2023-03-11,142,5586955
2023-03-12,174,5587129
2023-03-13,316,5587445
2023-03-14,366,5587811
2023-03-15,339,5588150
2023-03-16,272,5588422
2023-03-17,159,5588581
2023-03-18,103,5588684
2023-03-19,123,5588807
2023-03-20,281,5589088
2023-03-21,270,5589358
2023-03-22,275,5589633
2023-03-23,184,5589817
2023-03-24,169,5589986
2023-03-25,172,5590158
2023-03-26,171,5590329
2023-03-27,359,5590688
2023-03-28,304,5590992
2023-03-29,255,5591247
2023-03-30,195,5591442
2023-03-31,235,5591677
2023-04-01,132,5591809
2023-04-02,151,5591960
2023-04-03,275,5592235
2023-04-04,262,5592497
2023-04-05,178,5592675
2023-04-06,139,5592814
2023-04-07,115,5592929
2023-04-08,142,5593071
2023-04-09,101,5593172
2023-04-10,184,5593356
2023-04-11,276,5593632
2023-04-12,213,5593845
2023-04-13,169,5594014
2023-04-14,143,5594157
2023-04-15,118,5594275
2023-04-16,80,5594355
2023-04-17,194,5594549
2023-04-18,184,5594733
2023-04-19,165,5594898
2023-04-20,156,5595054
2023-04-21,140,5595194
2023-04-22,85,5595279
2023-04-23,99,5595378
2023-04-24,202,5595580
2023-04-25,192,5595772
2023-04-26,169,5595941
2023-04-27,156,5596097
2023-04-28,150,5596247
2023-04-29,87,5596334
2023-04-30,74,5596408
2023-05-01,116,5596524
2023-05-02,183,5596707
2023-05-03,135,5596842
2023-05-04,148,5596990
2023-05-05,95,5597085
2023-05-06,75,5597160
2023-05-07,85,5597245
2023-05-08,117,5597362
2023-05-09,131,5597493
2023-05-10,153,5597646
2023-05-11,103,5597749
2023-05-12,76,5597825
2023-05-13,75,5597900
2023-05-14,59,5597959
2023-05-15,157,5598116
2023-05-16,126,5598242
2023-05-17,109,5598351
2023-05-18,72,5598423
2023-05-19,61,5598484
2023-05-20,64,5598548
2023-05-21,54,5598602
2023-05-22,129,5598731
2023-05-23,93,5598824
2023-05-24,101,5598925
2023-05-25,95,5599020
2023-05-26,81,5599101
2023-05-27,59,5599160
2023-05-28,62,5599222
2023-05-29,95,5599317
2023-05-30,113,5599430
2023-05-31,78,5599508
2023-06-01,62,5599570
2023-06-02,58,5599628
2023-06-03,55,5599683
2023-06-04,45,5599728
2023-06-05,104,5599832
2023-06-06,70,5599902
2023-06-07,52,5599954
2023-06-08,56,5600010
2023-06-09,67,5600077
2023-06-10,16,5600093
2023-06-11,29,5600122
2023-06-12,70,5600192
2023-06-13,68,5600260
2023-06-14,54,5600314
2023-06-15,53,5600367
2023-06-16,72,5600439
2023-06-17,31,5600470
2023-06-18,30,5600500
2023-06-19,66,5600566
2023-06-20,55,5600621
2023-06-21,35,5600656
2023-06-22,39,5600695
2023-06-23,50,5600745
2023-06-24,30,5600775
2023-06-25,26,5600801
2023-06-26,57,5600858
2023-06-27,34,5600892
2023-06-28,33,5600925
2023-06-29,35,5600960
2023-06-30,37,5600997
2023-07-01,19,5601016
2023-07-02,25,5601041
2023-07-03,40,5601081
2023-07-04,41,5601122
2023-07-05,37,5601159
2023-07-06,37,5601196
2023-07-07,47,5601243
2023-07-08,22,5601265
2023-07-09,26,5601291
2023-07-10,51,5601342
2023-07-11,52,5601394
2023-07-12,34,5601428
2023-07-13,37,5601465
2023-07-14,45,5601510
2023-07-15,26,5601536
2023-07-16,28,5601564
2023-07-17,43,5601607
2023-07-18,79,5601686
2023-07-19,33,5601719
2023-07-20,54,5601773
2023-07-21,57,5601830
2023-07-22,28,5601858
2023-07-23,34,5601892
2023-07-24,70,5601962
2023-07-25,95,5602057
2023-07-26,77,5602134
2023-07-27,61,5602195
2023-07-28,64,5602259
2023-07-29,39,5602298
2023-07-30,42,5602340
2023-07-31,89,5602429
2023-08-01,91,5602520
2023-08-02,77,5602597
2023-08-03,73,5602670
2023-08-04,67,5602737
2023-08-05,44,5602781
2023-08-06,37,5602818
2023-08-07,90,5602908
2023-08-08,66,5602974
2023-08-09,57,5603031
2023-08-10,48,5603079
2023-08-11,82,5603161
2023-08-12,44,5603205
2023-08-13,34,5603239
2023-08-14,122,5603361
2023-08-15,103,5603464
2023-08-16,71,5603535
2023-08-17,81,5603616
2023-08-18,89,5603705
2023-08-19,43,5603748
2023-08-20,60,5603808
2023-08-21,152,5603960
2023-08-22,112,5604072
2023-08-23,76,5604148
2023-08-24,98,5604246
2023-08-25,66,5604312
2023-08-26,41,5604353
2023-08-27,50,5604403
2023-08-28,107,5604510
2023-08-29,82,5604592
2023-08-30,60,5604652
2023-08-31,77,5604729
2023-09-01,90,5604819
2023-09-02,55,5604874
2023-09-03,58,5604932
2023-09-04,142,5605074
2023-09-05,95,5605169
2023-09-06,91,5605260
2023-09-07,88,5605348
2023-09-08,100,5605448
2023-09-09,82,5605530
2023-09-10,75,5605605
2023-09-11,149,5605754
2023-09-12,125,5605879
2023-09-13,110,5605989
2023-09-14,88,5606077
2023-09-15,84,5606161
2023-09-16,60,5606221
2023-09-17,59,5606280
2023-09-18,112,5606392
2023-09-19,90,5606482
2023-09-20,80,5606562
2023-09-21,71,5606633
2023-09-22,88,5606721
2023-09-23,63,5606784
2023-09-24,84,5606868
2023-09-25,147,5607015
2023-09-26,136,5607151
2023-09-27,122,5607273
2023-09-28,123,5607396
2023-09-29,93,5607489
2023-09-30,73,5607562
2023-10-01,88,5607650
2023-10-02,168,5607818
2023-10-03,138,5607956
2023-10-04,114,5608070
2023-10-05,98,5608168
2023-10-06,107,5608275
2023-10-07,60,5608335
2023-10-08,52,5608387
2023-10-09,155,5608542
2023-10-10,112,5608654
2023-10-11,88,5608742
2023-10-12,90,5608832
2023-10-13,141,5608973
2023-10-14,68,5609041
2023-10-15,64,5609105
2023-10-16,141,5609246
2023-10-17,94,5609340
2023-10-18,106,5609446
2023-10-19,130,5609576
2023-10-20,144,5609720
2023-10-21,80,5609800
2023-10-22,85,5609885
2023-10-23,210,5610095
2023-10-24,139,5610234
2023-10-25,121,5610355
2023-10-26,93,5610448
2023-10-27,111,5610559
2023-10-28,77,5610636
2023-10-29,75,5610711
2023-10-30,171,5610882
2023-10-31,100,5610982
2023-11-01,111,5611093
2023-11-02,92,5611185
2023-11-03,80,5611265
2023-11-04,58,5611323
2023-11-05,67,5611390
2023-11-06,147,5611537
2023-11-07,83,5611620
2023-11-08,105,5611725
2023-11-09,86,5611811
2023-11-10,49,5611860
2023-11-11,37,5611897
2023-11-12,41,5611938
2023-11-13,127,5612065
2023-11-14,116,5612181
2023-11-15,144,5612325
2023-11-16,122,5612447
2023-11-17,79,5612526
2023-11-18,58,5612584
2023-11-19,64,5612648
2023-11-20,111,5612759
2023-11-21,63,5612822
2023-11-22,111,5612933
2023-11-23,65,5612998
2023-11-24,116,5613114
2023-11-25,72,5613186
2023-11-26,70,5613256
2023-11-27,150,5613406
2023-11-28,106,5613512
2023-11-29,131,5613643
2023-11-30,104,5613747
2023-12-01,68,5613815
2023-12-02,37,5613852
2023-12-03,62,5613914
2023-12-04,114,5614028
2023-12-05,88,5614116
2023-12-06,107,5614223
2023-12-07,99,5614322
2023-12-08,83,5614405
2023-12-09,62,5614467
2023-12-10,88,5614555
2023-12-11,157,5614712
2023-12-12,108,5614820
2023-12-13,100,5614920
2023-12-14,126,5615046
2023-12-15,101,5615147
2023-12-16,49,5615196
2023-12-17,45,5615241
2023-12-18,87,5615328
2023-12-19,86,5615414
2023-12-20,89,5615503
2023-12-21,90,5615593
2023-12-22,68,5615661
2023-12-23,47,5615708
2023-12-24,46,5615754
2023-12-25,36,5615790
2023-12-26,73,5615863
2023-12-27,120,5615983
2023-12-28,95,5616078
2023-12-29,90,5616168
2023-12-30,70,5616238
2023-12-31,39,5616277
2024-01-01,32,5616309
2024-01-02,79,5616388
2024-01-03,93,5616481
2024-01-04,135,5616616
2024-01-05,104,5616720
2024-01-06,75,5616795
2024-01-07,79,5616874
2024-01-08,84,5616958
2024-01-09,76,5617034
2024-01-10,57,5617091
2024-01-11,106,5617197
2024-01-12,83,5617280
2024-01-13,53,5617333
2024-01-14,60,5617393
2024-01-15,63,5617456
2024-01-16,59,5617515
2024-01-17,72,5617587
2024-01-18,38,5617625
2024-01-19,27,5617652
2024-01-20,30,5617682
2024-01-21,21,5617703
2024-01-22,46,5617749
2024-01-23,56,5617805
2024-01-24,54,5617859
2024-01-25,79,5617938
2024-01-26,47,5617985
2024-01-27,44,5618029
2024-01-28,28,5618057
2024-01-29,64,5618121
2024-01-30,56,5618177
2024-01-31,42,5618219
2024-02-01,30,5618249
2024-02-02,26,5618275
2024-02-03,27,5618302
2024-02-04,10,5618312
2024-02-05,41,5618353
2024-02-06,40,5618393
2024-02-07,35,5618428
2024-02-08,41,5618469
2024-02-09,51,5618520
2024-02-10,47,5618567
2024-02-11,28,5618595
2024-02-12,76,5618671
2024-02-13,43,5618714
2024-02-14,40,5618754
2024-02-15,49,5618803
2024-02-16,52,5618855
2024-02-17,44,5618899
2024-02-18,40,5618939
2024-02-19,48,5618987
2024-02-20,52,5619039
2024-02-21,62,5619101
2024-02-22,57,5619158
2024-02-23,36,5619194
2024-02-24,27,5619221
2024-02-25,26,5619247
2024-02-26,69,5619316
2024-02-27,72,5619388
2024-02-28,82,5619470
2024-02-29,53,5619523
2024-03-01,28,5619551
2024-03-02,31,5619582
2024-03-03,54,5619636
2024-03-04,68,5619704
2024-03-05,66,5619770
2024-03-06,56,5619826
2024-03-07,48,5619874
2024-03-08,51,5619925
2024-03-09,28,5619953
2024-03-10,51,5620004
2024-03-11,63,5620067
2024-03-12,55,5620122
2024-03-13,64,5620186
2024-03-14,56,5620242
2024-03-15,39,5620281
2024-03-16,22,5620303
2024-03-17,36,5620339
2024-03-18,50,5620389
2024-03-19,33,5620422
2024-03-20,85,5620507
2024-03-21,30,5620537
2024-03-22,35,5620572
2024-03-23,22,5620594
2024-03-24,26,5620620
2024-03-25,47,5620667
2024-03-26,25,5620692
2024-03-27,44,5620736
2024-03-28,32,5620768
2024-03-29,23,5620791
2024-03-30,18,5620809
2024-03-31,34,5620843
2024-04-01,43,5620886
2024-04-02,45,5620931
2024-04-03,41,5620972
2024-04-04,17,5620989
2024-04-05,25,5621014
2024-04-06,27,5621041
2024-04-07,13,5621054
2024-04-08,29,5621083
2024-04-09,24,5621107
2024-04-10,31,5621138
2024-04-11,30,5621168
2024-04-12,30,5621198
2024-04-13,21,5621219
2024-04-14,21,5621240
2024-04-15,35,5621275
2024-04-16,23,5621298
2024-04-17,43,5621341
2024-04-18,21,5621362
2024-04-19,24,5621386
2024-04-20,18,5621404
2024-04-21,19,5621423
2024-04-22,27,5621450
2024-04-23,22,5621472
2024-04-24,30,5621502
2024-04-25,19,5621521
2024-04-26,21,5621542
2024-04-27,23,5621565
2024-04-28,34,5621599
2024-04-29,47,5621646
2024-04-30,52,5621698
2024-05-01,44,5621742
2024-05-02,35,5621777
2024-05-03,36,5621813
2024-05-04,10,5621823
2024-05-05,15,5621838
2024-05-06,34,5621872
2024-05-07,37,5621909
2024-05-08,28,5621937
2024-05-09,36,5621973
2024-05-10,28,5622001
2024-05-11,13,5622014
2024-05-12,16,5622030
2024-05-13,30,5622060
2024-05-14,24,5622084
2024-05-15,20,5622104
2024-05-16,11,5622115
2024-05-17,6,5622121
2024-05-18,4,5622125
2024-05-19,11,5622136
2024-05-20,41,5622177
2024-05-21,8,5622185
2024-05-22,11,5622196
2024-05-23,23,5622219
2024-05-24,12,5622231
2024-05-25,10,5622241
2024-05-26,20,5622261
2024-05-27,15,5622276
2024-05-28,32,5622308
2024-05-29,30,5622338
2024-05-30,23,5622361
2024-05-31,23,5622384
2024-06-01,19,5622403
2024-06-02,17,5622420
2024-06-03,32,5622452
2024-06-04,17,5622469
2024-06-05,30,5622499
2024-06-06,23,5622522
2024-06-07,19,5622541
2024-06-08,13,5622554
2024-06-09,16,5622570
2024-06-10,35,5622605
2024-06-11,21,5622626
2024-06-12,14,5622640
2024-06-13,22,5622662
2024-06-14,17,5622679
2024-06-15,14,5622693
2024-06-16,14,5622707
2024-06-17,34,5622741
2024-06-18,23,5622764
2024-06-19,27,5622791
2024-06-20,30,5622821
2024-06-21,26,5622847
2024-06-22,19,5622866
2024-06-23,22,5622888
2024-06-24,29,5622917
2024-06-25,19,5622936
2024-06-26,44,5622980
2024-06-27,34,5623014
2024-06-28,17,5623031
2024-06-29,12,5623043
2024-06-30,12,5623055
2024-07-01,27,5623082
2024-07-02,18,5623100
2024-07-03,24,5623124
2024-07-04,22,5623146
2024-07-05,16,5623162
2024-07-06,13,5623175
2024-07-07,13,5623188
2024-07-08,34,5623222
2024-07-09,30,5623252
2024-07-10,21,5623273
2024-07-11,28,5623301
2024-07-12,11,5623312
2024-07-13,18,5623330
2024-07-14,17,5623347
2024-07-15,26,5623373
2024-07-16,37,5623410
2024-07-17,30,5623440
2024-07-18,24,5623464
2024-07-19,36,5623500
2024-07-20,33,5623533
2024-07-21,37,5623570
2024-07-22,58,5623628
2024-07-23,48,5623676
2024-07-24,31,5623707
2024-07-25,20,5623727
2024-07-26,15,5623742
2024-07-27,13,5623755
2024-07-28,15,5623770
2024-07-29,40,5623810
2024-07-30,39,5623849
2024-07-31,33,5623882
2024-08-01,24,5623906
2024-08-02,23,5623929
2024-08-03,8,5623937
2024-08-04,29,5623966
2024-08-05,47,5624013
2024-08-06,39,5624052
2024-08-07,36,5624088
2024-08-08,21,5624109
2024-08-09,20,5624129
2024-08-10,13,5624142
2024-08-11,33,5624175
2024-08-12,47,5624222
2024-08-13,46,5624268
2024-08-14,40,5624308
2024-08-15,25,5624333
2024-08-16,24,5624357
2024-08-17,13,5624370
2024-08-18,20,5624390
2024-08-19,49,5624439
2024-08-20,36,5624475
2024-08-21,40,5624515
2024-08-22,39,5624554
2024-08-23,22,5624576
2024-08-24,18,5624594
2024-08-25,34,5624628
2024-08-26,57,5624685
2024-08-27,26,5624711
2024-08-28,44,5624755
2024-08-29,29,5624784
2024-08-30,20,5624804
2024-08-31,13,5624817
2024-09-01,14,5624831
2024-09-02,52,5624883
2024-09-03,22,5624905
2024-09-04,22,5624927
2024-09-05,22,5624949
2024-09-06,18,5624967
2024-09-07,7,5624974
2024-09-08,18,5624992
2024-09-09,52,5625044
2024-09-10,15,5625059
2024-09-11,25,5625084
2024-09-12,19,5625103
2024-09-13,14,5625117
2024-09-14,7,5625124
2024-09-15,9,5625133
2024-09-16,20,5625153
2024-09-17,10,5625163
2024-09-18,29,5625192
2024-09-19,9,5625201
2024-09-20,9,5625210
2024-09-21,2,5625212
2024-09-22,6,5625218
2024-09-23,28,5625246
2024-09-24,26,5625272
2024-09-25,12,5625284
2024-09-26,8,5625292
2024-09-27,12,5625304
2024-09-28,8,5625312
2024-09-29,21,5625333
2024-09-30,12,5625345
2024-10-01,10,5625355
2024-10-02,7,5625362
2024-10-03,17,5625379
2024-10-04,6,5625385
2024-10-05,6,5625391
2024-10-06,7,5625398
2024-10-07,6,5625404
2024-10-08,18,5625422
2024-10-09,10,5625432
2024-10-10,9,5625441
2024-10-11,5,5625446
2024-10-12,8,5625454
2024-10-13,9,5625463
2024-10-14,14,5625477
2024-10-15,19,5625496
2024-10-16,17,5625513
2024-10-17,10,5625523
2024-10-18,14,5625537
2024-10-19,5,5625542
2024-10-20,13,5625555
2024-10-21,11,5625566
2024-10-22,15,5625581
2024-10-23,8,5625589
2024-10-24,10,5625599
2024-10-25,14,5625613
2024-10-26,3,5625616
2024-10-27,4,5625620
2024-10-28,12,5625632
2024-10-29,10,5625642
2024-10-30,12,5625654
2024-10-31,12,5625666
2024-11-01,15,5625681
2024-11-02,6,5625687
2024-11-03,9,5625696
2024-11-04,9,5625705
2024-11-05,5,5625710
2024-11-06,8,5625718
2024-11-07,8,5625726
2024-11-08,8,5625734
2024-11-09,4,5625738
2024-11-10,3,5625741
2024-11-11,7,5625748
2024-11-12,4,5625752
2024-11-13,4,5625756
2024-11-14,8,5625764
2024-11-15,11,5625775
2024-11-16,6,5625781
2024-11-17,6,5625787
2024-11-18,11,5625798
2024-11-19,10,5625808
2024-11-20,6,5625814
2024-11-21,10,5625824
2024-11-22,5,5625829
2024-11-23,4,5625833
2024-11-24,7,5625840
2024-11-25,10,5625850
2024-11-26,6,5625856
2024-11-27,6,5625862
2024-11-28,6,5625868
2024-11-29,6,5625874
2024-11-30,4,5625878
2024-12-01,2,5625880
2024-12-02,8,5625888
2024-12-03,11,5625899
2024-12-04,5,5625904
2024-12-05,9,5625913
2024-12-06,4,5625917
2024-12-07,6,5625923
2024-12-08,3,5625926
2024-12-09,16,5625942
2024-12-10,11,5625953
2024-12-11,12,5625965
2024-12-12,6,5625971
2024-12-13,13,5625984
2024-12-14,8,5625992
2024-12-15,9,5626001
2024-12-16,8,5626009
2024-12-17,11,5626020
2024-12-18,11,5626031
2024-12-19,9,5626040
2024-12-20,13,5626053
2024-12-21,12,5626065
2024-12-22,4,5626069
2024-12-23,18,5626087
2024-12-24,4,5626091
2024-12-25,4,5626095
2024-12-26,10,5626105
2024-12-27,9,5626114
2024-12-28,6,5626120
2024-12-29,8,5626128
2024-12-30,8,5626136
2024-12-31,7,5626143
2025-01-01,8,5626151
2025-01-02,13,5626164
2025-01-03,10,5626174
2025-01-04,11,5626185
2025-01-05,10,5626195
2025-01-06,8,5626203
2025-01-07,15,5626218
2025-01-08,18,5626236
2025-01-09,9,5626245
2025-01-10,11,5626256
2025-01-11,2,5626258
2025-01-12,9,5626267
2025-01-13,16,5626283
2025-01-14,12,5626295
2025-01-15,20,5626315
2025-01-16,11,5626326
2025-01-17,9,5626335
2025-01-18,7,5626342
2025-01-19,5,5626347
2025-01-20,14,5626361
2025-01-21,6,5626367
2025-01-22,11,5626378
2025-01-23,8,5626386
2025-01-24,7,5626393
2025-01-25,11,5626404
2025-01-26,7,5626411
2025-01-27,7,5626418
2025-01-28,1,5626419
2025-01-29,4,5626423
2025-01-30,9,5626432
2025-01-31,10,5626442
2025-02-01,5,5626447
2025-02-02,9,5626456
2025-02-03,14,5626470
2025-02-04,1,5626471
2025-02-05,5,5626476
2025-02-06,6,5626482
2025-02-07,4,5626486
2025-02-08,2,5626488
2025-02-09,6,5626494
2025-02-10,7,5626501
2025-02-11,8,5626509
2025-02-12,1,5626510
2025-02-13,3,5626513
2025-02-14,7,5626520
2025-02-15,5,5626525
2025-02-16,5,5626530
2025-02-17,8,5626538
2025-02-18,3,5626541
2025-02-20,2,5626543
2025-02-21,2,5626545
2025-02-22,1,5626546
2025-02-23,2,5626548
2025-02-24,10,5626558
2025-02-25,7,5626565
2025-02-26,3,5626568
2025-02-27,10,5626578
2025-02-28,3,5626581
2025-03-01,5,5626586
2025-03-02,2,5626588
2025-03-03,6,5626594
2025-03-04,3,5626597
2025-03-05,9,5626606
2025-03-06,5,5626611
2025-03-07,7,5626618
2025-03-08,8,5626626
2025-03-09,1,5626627
2025-03-10,4,5626631
2025-03-11,5,5626636
2025-03-12,8,5626644
2025-03-13,13,5626657
2025-03-14,3,5626660
2025-03-15,2,5626662
2025-03-16,1,5626663
2025-03-17,3,5626666
2025-03-18,3,5626669
2025-03-19,4,5626673
2025-03-20,6,5626679
2025-03-21,7,5626686
2025-03-23,1,5626687
2025-03-24,8,5626695
2025-03-25,2,5626697
2025-03-26,2,5626699
2025-03-27,2,5626701
2025-03-28,1,5626702
2025-03-29,2,5626704
2025-03-30,3,5626707
2025-03-31,8,5626715
2025-04-01,4,5626719
2025-04-02,8,5626727
2025-04-03,2,5626729
2025-04-04,2,5626731
2025-04-05,2,5626733
2025-04-06,1,5626734
2025-04-07,5,5626739
2025-04-08,1,5626740
2025-04-10,2,5626742
2025-04-11,1,5626743
2025-04-13,1,5626744
2025-04-14,6,5626750
2025-04-15,3,5626753
2025-04-16,7,5626760
2025-04-18,2,5626762
2025-04-19,5,5626767
2025-04-20,3,5626770
2025-04-21,4,5626774
2025-04-22,12,5626786
2025-04-23,10,5626796
2025-04-24,3,5626799
2025-04-25,1,5626800
2025-04-26,1,5626801
2025-04-27,3,5626804
2025-04-28,11,5626815
2025-04-29,7,5626822
2025-04-30,2,5626824
2025-05-01,3,5626827
2025-05-02,7,5626834
2025-05-03,4,5626838
2025-05-04,3,5626841
2025-05-05,5,5626846
2025-05-06,8,5626854
2025-05-07,9,5626863
2025-05-08,10,5626873
2025-05-09,5,5626878
2025-05-10,2,5626880
2025-05-11,5,5626885
2025-05-12,7,5626892
2025-05-13,6,5626898
2025-05-14,7,5626905
2025-05-15,7,5626912
2025-05-16,10,5626922
2025-05-17,6,5626928
2025-05-18,8,5626936
2025-05-19,28,5626964
2025-05-20,24,5626988
2025-05-21,19,5627007
2025-05-22,11,5627018
2025-05-23,16,5627034
2025-05-24,20,5627054
2025-05-25,14,5627068
2025-05-26,43,5627111
2025-05-27,21,5627132
2025-05-28,29,5627161
2025-05-29,16,5627177
2025-05-30,25,5627202
2025-05-31,19,5627221
2025-06-01,9,5627230
2025-06-02,19,5627249
2025-06-03,23,5627272
2025-06-04,62,5627334
2025-06-05,7,5627341
2025-06-06,8,5627349
2025-06-07,4,5627353
2025-06-08,14,5627367
2025-06-09,27,5627394
2025-06-10,16,5627410
2025-06-11,29,5627439
2025-06-12,9,5627448
2025-06-13,7,5627455
2025-06-14,10,5627465
2025-06-15,11,5627476
2025-06-16,36,5627512
2025-06-17,33,5627545
2025-06-18,19,5627564
2025-06-19,13,5627577
2025-06-20,23,5627600
2025-06-21,2,5627602
2025-06-22,17,5627619
2025-06-23,21,5627640
2025-06-24,14,5627654
2025-06-25,33,5627687
2025-06-26,12,5627699
2025-06-27,8,5627707
2025-06-28,6,5627713
2025-06-29,2,5627715
2025-06-30,26,5627741
2025-07-01,16,5627757
2025-07-02,37,5627794
2025-07-03,4,5627798
2025-07-04,4,5627802
2025-07-05,6,5627808
2025-07-06,3,5627811
2025-07-07,9,5627820
2025-07-08,4,5627824
2025-07-09,10,5627834
2025-07-10,6,5627840
2025-07-11,13,5627853
2025-07-12,4,5627857
2025-07-13,3,5627860
2025-07-14,16,5627876
2025-07-15,3,5627879
2025-07-16,3,5627882
2025-07-17,4,5627886
2025-07-18,5,5627891
2025-07-19,1,5627892
2025-07-20,5,5627897
2025-07-21,23,5627920
2025-07-22,9,5627929
2025-07-23,5,5627934
2025-07-24,4,5627938
2025-07-25,3,5627941
2025-07-26,4,5627945
2025-07-27,7,5627952
2025-07-28,14,5627966
2025-07-29,8,5627974
2025-07-30,8,5627982
2025-07-31,8,5627990
2025-08-01,10,5628000
2025-08-02,10,5628010
2025-08-03,7,5628017
2025-08-04,17,5628034
2025-08-05,7,5628041
2025-08-06,12,5628053
2025-08-07,9,5628062
2025-08-08,12,5628074
2025-08-09,6,5628080
2025-08-10,6,5628086
2025-08-11,12,5628098
2025-08-12,7,5628105
2025-08-13,7,5628112
2025-08-14,10,5628122
2025-08-15,7,5628129
2025-08-16,5,5628134
2025-08-17,10,5628144
2025-08-18,13,5628157
2025-08-19,12,5628169
2025-08-20,7,5628176
2025-08-21,7,5628183
2025-08-22,5,5628188
2025-08-23,1,5628189
2025-08-24,7,5628196
2025-08-25,13,5628209
2025-08-26,14,5628223
2025-08-27,8,5628231
2025-08-28,5,5628236
2025-08-29,7,5628243
2025-08-30,4,5628247
2025-08-31,7,5628254
2025-09-01,11,5628265
2025-09-02,14,5628279
2025-09-03,6,5628285
2025-09-04,9,5628294
2025-09-05,6,5628300
2025-09-06,2,5628302
2025-09-07,9,5628311
2025-09-08,11,5628322
2025-09-09,12,5628334
2025-09-10,7,5628341
2025-09-11,7,5628348
2025-09-12,9,5628357
2025-09-13,6,5628363
2025-09-14,13,5628376
2025-09-15,16,5628392
2025-09-16,19,5628411
2025-09-17,13,5628424
2025-09-18,29,5628453
2025-09-19,10,5628463
2025-09-20,6,5628469
2025-09-21,10,5628479
2025-09-22,20,5628499
2025-09-23,18,5628517
2025-09-24,11,5628528
2025-09-25,17,5628545
2025-09-26,8,5628553
2025-09-27,4,5628557
2025-09-28,11,5628568
2025-09-29,18,5628586
2025-09-30,20,5628606
2025-10-01,12,5628618
2025-10-02,7,5628625
2025-10-03,5,5628630
2025-10-04,6,5628636
2025-10-05,4,5628640
2025-10-06,13,5628653
2025-10-07,7,5628660
2025-10-08,10,5628670
2025-10-09,15,5628685
2025-10-10,5,5628690
2025-10-11,6,5628696
2025-10-13,9,5628705
2025-10-14,7,5628712
2025-10-15,4,5628716
2025-10-16,6,5628722
2025-10-17,5,5628727
2025-10-18,2,5628729
2025-10-19,4,5628733
2025-10-20,3,5628736
2025-10-21,5,5628741
2025-10-22,4,5628745
2025-10-23,3,5628748
2025-10-24,3,5628751
2025-10-25,1,5628752
2025-10-26,1,5628753
2025-10-27,3,5628756
2025-10-28,4,5628760
2025-10-29,2,5628762
2025-10-30,1,5628763
2025-10-31,6,5628769
2025-11-02,3,5628772
2025-11-03,4,5628776
2025-11-04,4,5628780
2025-11-05,2,5628782
2025-11-06,4,5628786
2025-11-07,5,5628791
2025-11-08,1,5628792
2025-11-09,2,5628794
2025-11-10,1,5628795
2025-11-11,1,5628796
2025-11-12,2,5628798
2025-11-13,1,5628799
2025-11-14,3,5628802
2025-11-15,2,5628804
2025-11-16,2,5628806
2025-11-17,4,5628810
2025-11-18,3,5628813
2025-11-19,2,5628815
2025-11-20,3,5628818
2025-11-21,1,5628819
2025-11-22,1,5628820
2025-11-23,1,5628821
2025-11-24,6,5628827
2025-11-25,1,5628828
2025-11-26,3,5628831
2025-11-27,2,5628833
2025-11-28,1,5628834
2025-12-02,2,5628836
2025-12-05,1,5628837
2025-12-08,2,5628839
2025-12-09,2,5628841
2025-12-10,3,5628844
2025-12-11,2,5628846
2025-12-12,1,5628847
2025-12-14,1,5628848
2025-12-15,1,5628849
2025-12-16,2,5628851
2025-12-22,1,5628852
2025-12-23,1,5628853
2025-12-25,2,5628855
2025-12-26,3,5628858
2025-12-28,2,5628860
2025-12-29,5,5628865
2025-12-30,2,5628867
2025-12-31,1,5628868
