collection_date,new_cases,total_cases,new_cases_smoothed
2019-12-01,0,0,0.0
2019-12-02,0,0,0.0
2019-12-03,0,0,0.0
2019-12-04,0,0,0.0
2019-12-05,0,0,0.0
2019-12-06,0,0,0.0
2019-12-07,0,0,0.0
2019-12-08,1,1,0.14
2019-12-09,0,1,0.14
2019-12-10,1,2,0.29
2019-12-11,0,2,0.29
2019-12-12,0,2,0.29
2019-12-13,1,3,0.43
2019-12-14,0,3,0.43
2019-12-15,2,5,0.57
2019-12-16,1,6,0.71
2019-12-17,1,7,0.71
2019-12-18,0,7,0.71
2019-12-19,2,9,1.0
2019-12-20,4,13,1.43
2019-12-21,4,17,2.0
2019-12-22,3,20,2.14
2019-12-23,4,24,2.57
2019-12-24,0,24,2.43
2019-12-25,4,28,3.0
2019-12-26,1,29,2.86
2019-12-27,3,32,2.71
2019-12-28,2,34,2.43
2019-12-29,11,45,3.57
2019-12-30,10,55,4.43
2019-12-31,2,57,4.71
2020-01-01,10,67,5.57
2020-01-02,7,74,6.43
2020-01-03,13,87,7.86
2020-01-04,13,100,9.43
2020-01-05,15,115,10.0
2020-01-06,19,134,11.29
2020-01-07,31,165,15.43
2020-01-08,45,210,20.43
2020-01-09,32,242,24.0
2020-01-10,33,275,26.86
2020-01-11,33,308,29.71
2020-01-12,30,338,31.86
2020-01-13,22,360,32.29
2020-01-14,23,383,31.14
2020-01-15,23,406,28.0
2020-01-16,13,419,25.29
2020-01-17,6,425,21.43
2020-01-18,6,431,17.57
2020-01-19,2,433,13.57
2020-01-20,3,436,10.86
2020-01-21,2,438,7.86
2020-01-22,147,585,25.57
2020-01-23,135,720,43.0
2020-01-24,263,983,79.71
2020-01-25,473,1456,146.43
2020-01-26,706,2162,247.0
2020-01-27,778,2940,357.71
2020-01-28,1787,4727,612.71
2020-01-29,1469,6196,801.57
2020-01-30,1758,7954,1033.43
2020-01-31,2002,9956,1281.86
2020-02-01,2118,12074,1516.86
2020-02-02,2618,14692,1790.0
2020-02-03,2836,17528,2084.0
2020-02-04,3243,20771,2292.0
2020-02-05,3942,24713,2645.29
2020-02-06,3712,28425,2924.43
2020-02-07,3159,31584,3089.71
2020-02-08,3401,34985,3273.0
2020-02-09,2699,37684,3284.57
2020-02-10,2993,40677,3307.0
2020-02-11,2479,43156,3197.86
2020-02-12,2030,45186,2924.71
2020-02-13,15168,60354,4561.29
2020-02-14,4068,64422,4691.14
2020-02-15,2664,67086,4585.86
2020-02-16,2040,69126,4491.71
2020-02-17,2063,71189,4358.86
2020-02-18,1904,73093,4276.71
2020-02-19,1799,74892,4243.71
2020-02-20,424,75316,2137.43
2020-02-21,994,76310,1698.29
2020-02-22,1068,77378,1470.29
2020-02-23,990,78368,1320.29
2020-02-24,516,78884,1099.29
2020-02-25,798,79682,941.29
2020-02-26,845,80527,805.0
2020-02-27,1089,81616,900.0
2020-02-28,1202,82818,929.71
2020-02-29,1816,84634,1036.57
2020-03-01,2002,86636,1181.14
2020-03-02,1944,88580,1385.14
2020-03-03,1788,90368,1526.57
2020-03-04,2219,92587,1722.86
2020-03-05,2165,94752,1876.57
2020-03-06,2491,97243,2060.71
2020-03-07,3244,100487,2264.71
2020-03-08,6350,106837,2885.86
2020-03-09,3272,110109,3075.57
2020-03-10,3861,113970,3371.71
2020-03-11,3929,117899,3616.0
2020-03-12,6004,123903,4164.43
2020-03-13,6735,130638,4770.71
2020-03-14,7328,137966,5354.14
2020-03-15,29308,167274,8633.86
2020-03-16,8569,175843,9390.57
2020-03-17,10349,186192,10317.43
2020-03-18,11530,197722,11403.29
2020-03-19,14171,211893,12570.0
2020-03-20,17032,228925,14041.0
2020-03-21,20487,249412,15920.86
2020-03-22,89130,338542,24466.86
2020-03-23,22444,360986,26449.0
2020-03-24,26536,387522,28761.43
2020-03-25,30003,417525,31400.43
2020-03-26,31274,448799,33843.71
2020-03-27,37991,486790,36837.86
2020-03-28,44649,531439,40289.57
2020-03-29,158473,689912,50195.71
2020-03-30,43204,733116,53161.43
2020-03-31,49018,782134,56373.14
2020-04-01,43898,826032,58358.14
2020-04-02,52032,878064,61323.57
2020-04-03,58901,936965,64310.71
2020-04-04,60785,997750,66615.86
2020-04-05,158397,1156147,66605.0
2020-04-06,59771,1215918,68971.71
2020-04-07,54651,1270569,69776.43
2020-04-08,60368,1330937,72129.29
2020-04-09,63571,1394508,73777.71
2020-04-10,69610,1464118,75307.57
2020-04-11,72686,1536804,77007.71
2020-04-12,143412,1680216,74867.0
2020-04-13,64312,1744528,75515.71
2020-04-14,57658,1802186,75945.29
2020-04-15,57141,1859327,75484.29
2020-04-16,62461,1921788,75325.71
2020-04-17,67012,1988800,74954.57
2020-04-18,73957,2062757,75136.14
2020-04-19,124254,2187011,72399.29
2020-04-20,66360,2253371,72691.86
2020-04-21,64586,2317957,73681.57
2020-04-22,65251,2383208,74840.14
2020-04-23,66868,2450076,75469.71
2020-04-24,72469,2522545,76249.29
2020-04-25,89145,2611690,78419.0
2020-04-26,115307,2726997,77140.86
2020-04-27,76030,2803027,78522.29
2020-04-28,65238,2868265,78615.43
2020-04-29,65101,2933366,78594.0
2020-04-30,70626,3003992,79130.86
2020-05-01,75957,3079949,79629.14
2020-05-02,83731,3163680,78855.71
2020-05-03,108743,3272423,77918.0
2020-05-04,77573,3349996,78138.43
2020-05-05,76371,3426367,79728.86
2020-05-06,72591,3498958,80798.86
2020-05-07,77516,3576474,81783.14
2020-05-08,84826,3661300,83050.14
2020-05-09,88969,3750269,83798.43
2020-05-10,107323,3857592,83595.57
2020-05-11,85706,3943298,84757.43
2020-05-12,70334,4013632,83895.0
2020-05-13,75931,4089563,84372.14
2020-05-14,82894,4172457,85140.43
2020-05-15,83845,4256302,85000.29
2020-05-16,98815,4355117,86406.86
2020-05-17,112741,4467858,87180.86
2020-05-18,93696,4561554,88322.29
2020-05-19,76644,4638198,89223.71
2020-05-20,91701,4729899,91476.57
2020-05-21,100232,4830131,93953.43
2020-05-22,105370,4935501,97028.43
2020-05-23,103881,5039382,97752.14
2020-05-24,124858,5164240,99483.14
2020-05-25,95475,5259715,99737.29
2020-05-26,91086,5350801,101800.43
2020-05-27,87109,5437910,101144.43
2020-05-28,96445,5534355,100603.43
2020-05-29,105497,5639852,100621.57
2020-05-30,117841,5757693,102615.86
2020-05-31,135117,5892810,104081.43
2020-06-01,125084,6017894,108311.29
2020-06-02,107112,6125006,110600.71
2020-06-03,96780,6221786,111982.29
2020-06-04,121579,6343365,115572.86
2020-06-05,124006,6467371,118217.0
2020-06-06,124543,6591914,119174.43
2020-06-07,144801,6736715,120557.86
2020-06-08,123249,6859964,120295.71
2020-06-09,107746,6967710,120386.29
2020-06-10,106507,7074217,121775.86
2020-06-11,128974,7203191,122832.29
2020-06-12,138097,7341288,124845.29
2020-06-13,139072,7480360,126920.86
2020-06-14,157714,7638074,128765.57
2020-06-15,130201,7768275,129758.71
2020-06-16,116521,7884796,131012.29
2020-06-17,120729,8005525,133044.0
2020-06-18,179421,8184946,140250.71
2020-06-19,144450,8329396,141158.29
2020-06-20,140018,8469414,141293.43
2020-06-21,197644,8667058,146997.71
2020-06-22,152308,8819366,150155.86
2020-06-23,128045,8947411,151802.14
2020-06-24,138244,9085655,154304.29
2020-06-25,170081,9255736,152970.0
2020-06-26,176536,9432272,157553.71
2020-06-27,182223,9614495,163583.0
2020-06-28,209013,9823508,165207.14
2020-06-29,175516,9999024,168522.57
2020-06-30,155773,10154797,172483.71
2020-07-01,166706,10321503,176549.71
2020-07-02,181036,10502539,178114.71
2020-07-03,208023,10710562,182612.86
2020-07-04,210685,10921247,186678.86
2020-07-05,229608,11150855,189621.0
2020-07-06,187945,11338800,191396.57
2020-07-07,164242,11503042,192606.43
2020-07-08,172968,11676010,193501.0
2020-07-09,210702,11886712,197739.0
2020-07-10,222028,12108740,199739.71
2020-07-11,218570,12327310,200866.14
2020-07-12,250396,12577706,203835.86
2020-07-13,215359,12793065,207752.14
2020-07-14,190628,12983693,211521.57
2020-07-15,188729,13172422,213773.14
2020-07-16,227124,13399546,216119.14
2020-07-17,239778,13639324,218654.86
2020-07-18,241803,13881127,221973.86
2020-07-19,269265,14150392,224669.43
2020-07-20,226068,14376460,226199.29
2020-07-21,200910,14577370,227668.14
2020-07-22,204804,14782174,229964.57
2020-07-23,243383,15025557,232287.29
2020-07-24,285219,15310776,238778.86
2020-07-25,277084,15587860,243819.0
2020-07-26,303821,15891681,248755.57
2020-07-27,247703,16139384,251846.29
2020-07-28,211206,16350590,253317.14
2020-07-29,223059,16573649,255925.0
2020-07-30,254496,16828145,257512.57
2020-07-31,293862,17122007,258747.29
2020-08-01,283541,17405548,259669.71
2020-08-02,324754,17730302,262660.14
2020-08-03,249017,17979319,262847.86
2020-08-04,218114,18197433,263834.71
2020-08-05,212305,18409738,262298.43
2020-08-06,263309,18673047,263557.43
2020-08-07,281889,18954936,261847.0
2020-08-08,272656,19227592,260292.0
2020-08-09,340747,19568339,262576.71
2020-08-10,253516,19821855,263219.43
2020-08-11,212304,20034159,262389.43
2020-08-12,220898,20255057,263617.0
2020-08-13,280312,20535369,266046.0
2020-08-14,279096,20814465,265647.0
2020-08-15,284273,21098738,267306.57
2020-08-16,354499,21453237,269271.14
2020-08-17,241475,21694712,267551.0
2020-08-18,210777,21905489,267332.86
2020-08-19,220334,22125823,267252.29
2020-08-20,264466,22390289,264988.57
2020-08-21,271798,22662087,263946.0
2020-08-22,262817,22924904,260880.86
2020-08-23,351479,23276383,260449.43
2020-08-24,245238,23521621,260987.0
2020-08-25,210744,23732365,260982.29
2020-08-26,217709,23950074,260607.29
2020-08-27,267255,24217329,261005.71
2020-08-28,271846,24489175,261012.57
2020-08-29,267702,24756877,261710.43
2020-08-30,394215,25151092,267815.57
2020-08-31,256751,25407843,269460.29
2020-09-01,209583,25617426,269294.43
2020-09-02,254567,25871993,274559.86
2020-09-03,266126,26138119,274398.57
2020-09-04,277886,26416005,275261.43
2020-09-05,277270,26693275,276628.29
2020-09-06,442284,27135559,283495.29
2020-09-07,255752,27391311,283352.57
2020-09-08,214376,27605687,284037.29
2020-09-09,221256,27826943,279278.57
2020-09-10,246495,28073438,276474.14
2020-09-11,276331,28349769,276252.0
2020-09-12,282947,28632716,277063.0
2020-09-13,467097,29099813,280607.71
2020-09-14,264279,29364092,281825.86
2020-09-15,228991,29593083,283913.71
2020-09-16,244954,29838037,287299.14
2020-09-17,278106,30116143,291815.0
2020-09-18,291842,30407985,294030.86
2020-09-19,286413,30694398,294526.0
2020-09-20,501156,31195554,299391.57
2020-09-21,264915,31460469,299482.43
2020-09-22,225803,31686272,299027.0
2020-09-23,251940,31938212,300025.0
2020-09-24,291305,32229517,301910.57
2020-09-25,286577,32516094,301158.43
2020-09-26,286993,32803087,301241.29
2020-09-27,496166,33299253,300528.43
2020-09-28,263426,33562679,300315.71
2020-09-29,223931,33786610,300048.29
2020-09-30,253886,34040496,300326.29
2020-10-01,290593,34331089,300224.57
2020-10-02,298043,34629132,301862.57
2020-10-03,294188,34923320,302890.43
2020-10-04,508808,35432128,304696.43
2020-10-05,272957,35705085,306058.0
2020-10-06,229823,35934908,306899.71
2020-10-07,272196,36207104,309515.43
2020-10-08,321252,36528356,313895.29
2020-10-09,314108,36842464,316190.29
2020-10-10,320238,37162702,319911.71
2020-10-11,634315,37797017,337841.29
2020-10-12,284827,38081844,339537.0
2020-10-13,253371,38335215,342901.0
2020-10-14,292388,38627603,345785.57
2020-10-15,314297,38941900,344792.0
2020-10-16,339222,39281122,348379.71
2020-10-17,341037,39622159,351351.0
2020-10-18,772962,40395121,371157.71
2020-10-19,303580,40698701,373836.71
2020-10-20,273645,40972346,376733.0
2020-10-21,342730,41315076,383924.71
2020-10-22,370939,41686015,392016.43
2020-10-23,386150,42072165,398720.43
2020-10-24,391423,42463588,405918.43
2020-10-25,1022303,43485891,441538.57
2020-10-26,352021,43837912,448458.71
2020-10-27,303870,44141782,452776.57
2020-10-28,385701,44527483,458915.29
2020-10-29,417499,44944982,465566.71
2020-10-30,428492,45373474,471615.57
2020-10-31,437224,45810698,478158.57
2020-11-01,1201547,47012245,503764.86
2020-11-02,379752,47391997,507726.43
2020-11-03,406820,47798817,522433.57
2020-11-04,413829,48212646,526451.86
2020-11-05,447972,48660618,530805.14
2020-11-06,482035,49142653,538454.14
2020-11-07,490015,49632668,545995.71
2020-11-08,1237024,50869692,551063.86
2020-11-09,441125,51310817,559831.43
2020-11-10,396106,51706923,558300.86
2020-11-11,465225,52172148,565643.14
2020-11-12,512680,52684828,574887.14
2020-11-13,544349,53229177,583789.14
2020-11-14,537604,53766781,590587.57
2020-11-15,1152026,54918807,578445.0
2020-11-16,478280,55397087,583752.86
2020-11-17,420211,55817298,587196.43
2020-11-18,473072,56290370,588317.43
2020-11-19,537894,56828264,591919.43
2020-11-20,544408,57372672,591927.86
2020-11-21,552670,57925342,594080.14
2020-11-22,1104097,59029439,587233.14
2020-11-23,483692,59513131,588006.29
2020-11-24,427111,59940242,588992.0
2020-11-25,482379,60422621,590321.57
2020-11-26,527370,60949991,588818.14
2020-11-27,584198,61534189,594502.43
2020-11-28,517623,62051812,589495.71
2020-11-29,999639,63051451,574573.14
2020-11-30,473479,63524930,573114.14
2020-12-01,433213,63958143,573985.86
2020-12-02,482751,64440894,574039.0
2020-12-03,570463,65011357,580195.14
2020-12-04,594921,65606278,581727.0
2020-12-05,597492,66203770,593136.86
2020-12-06,1048340,67252110,600094.14
2020-12-07,517256,67769366,606348.0
2020-12-08,464342,68233708,610795.0
2020-12-09,514331,68748039,615306.43
2020-12-10,602013,69350052,619813.57
2020-12-11,599907,69949959,620525.86
2020-12-12,585118,70535077,618758.14
2020-12-13,1111357,71646434,627760.57
2020-12-14,525364,72171798,628918.86
2020-12-15,465681,72637479,629110.14
2020-12-16,544973,73182452,633487.57
2020-12-17,574310,73756762,629530.0
2020-12-18,641986,74398748,635541.29
2020-12-19,643255,75042003,643846.57
2020-12-20,1146730,76188733,648899.86
2020-12-21,519457,76708190,648056.0
2020-12-22,477276,77185466,649712.43
2020-12-23,526362,77711828,647053.71
2020-12-24,592422,78304250,649641.14
2020-12-25,586634,78890884,641733.71
2020-12-26,544266,79435150,627592.43
2020-12-27,871395,80306545,588258.86
2020-12-28,406866,80713411,572174.43
2020-12-29,445595,81159006,567648.57
2020-12-30,513461,81672467,565805.57
2020-12-31,652693,82325160,574415.71
2021-01-01,660926,82986086,585028.86
2021-01-02,590642,83576728,591654.0
2021-01-03,976289,84553017,606638.86
2021-01-04,517437,85070454,622434.71
2021-01-05,522302,85592756,633392.86
2021-01-06,570358,86163114,641521.0
2021-01-07,685002,86848116,646136.57
2021-01-08,694412,87542528,650920.29
2021-01-09,718622,88261150,669203.14
2021-01-10,1298253,89559403,715198.0
2021-01-11,608938,90168341,728269.57
2021-01-12,541013,90709354,730942.57
2021-01-13,564455,91273809,730099.29
2021-01-14,628047,91901856,721962.86
2021-01-15,622730,92524586,711722.57
2021-01-16,616200,93140786,697090.86
2021-01-17,1270390,94411176,693110.43
2021-01-18,531390,94942566,682032.14
2021-01-19,469186,95411752,671771.14
2021-01-20,472398,95884150,658620.14
2021-01-21,516608,96400758,642700.29
2021-01-22,553866,96954624,632862.57
2021-01-23,527235,97481859,620153.29
2021-01-24,1154857,98636716,603648.57
2021-01-25,452777,99089493,592418.14
2021-01-26,380168,99469661,579701.29
2021-01-27,421979,99891640,572498.57
2021-01-28,476128,100367768,566715.71
2021-01-29,493716,100861484,558122.86
2021-01-30,474444,101335928,550581.29
2021-01-31,1035153,102371081,533480.71
2021-02-01,397361,102768442,525564.14
2021-02-02,330966,103099408,518535.29
2021-02-03,373863,103473271,511661.57
2021-02-04,414639,103887910,502877.43
2021-02-05,401555,104289465,489711.57
2021-02-06,411362,104700827,480699.86
2021-02-07,834344,105535171,452012.86
2021-02-08,340192,105875363,443845.86
2021-02-09,293979,106169342,438562.0
2021-02-10,308923,106478265,429284.86
2021-02-11,354140,106832405,420642.14
2021-02-12,372843,107205248,416540.43
2021-02-13,366687,107571935,410158.29
2021-02-14,682733,108254668,388499.57
2021-02-15,291063,108545731,381481.14
2021-02-16,257429,108803160,376259.71
2021-02-17,289088,109092248,373426.14
2021-02-18,319181,109411429,368432.0
2021-02-19,332673,109744102,362693.43
2021-02-20,331702,110075804,357695.57
2021-02-21,652098,110727902,353319.14
2021-02-22,301587,111029489,354822.57
2021-02-23,266459,111295948,356112.57
2021-02-24,297461,111593409,357308.71
2021-02-25,362073,111955482,363436.14
2021-02-26,370333,112325815,368816.14
2021-02-27,367218,112693033,373889.86
2021-02-28,695628,113388661,380108.43
2021-03-01,313641,113702302,381830.43
2021-03-02,269829,113972131,382311.86
2021-03-03,311577,114283708,384328.43
2021-03-04,357633,114641341,383694.14
2021-03-05,377313,115018654,384691.29
2021-03-06,375113,115393767,385819.14
2021-03-07,730161,116123928,390752.43
2021-03-08,319921,116443849,391649.57
2021-03-09,322181,116766030,399128.43
2021-03-10,311916,117077946,399176.86
2021-03-11,385424,117463370,403147.0
2021-03-12,404860,117868230,407082.29
2021-03-13,404840,118273070,411329.0
2021-03-14,811732,119084802,422982.0
2021-03-15,349616,119434418,427224.14
2021-03-16,311479,119745897,425695.29
2021-03-17,350088,120095985,431148.43
2021-03-18,442460,120538445,439296.43
2021-03-19,459408,120997853,447089.0
2021-03-20,460772,121458625,455079.29
2021-03-21,951889,122410514,475101.71
2021-03-22,408847,122819361,483563.29
2021-03-23,361215,123180576,490668.43
2021-03-24,412527,123593103,499588.29
2021-03-25,494897,124088000,507079.29
2021-03-26,521558,124609558,515957.86
2021-03-27,518721,125128279,524236.29
2021-03-28,1112190,126240469,547136.43
2021-03-29,465390,126705859,555214.0
2021-03-30,405149,127111008,561490.29
2021-03-31,442737,127553745,565806.0
2021-04-01,538217,128091962,571994.57
2021-04-02,558995,128650957,577342.71
2021-04-03,567320,129218277,584285.43
2021-04-04,1134209,130352486,587431.0
2021-04-05,467969,130820455,587799.43
2021-04-06,426632,131247087,590868.43
2021-04-07,485551,131732638,596984.71
2021-04-08,622735,132355373,609058.71
2021-04-09,657973,133013346,623198.43
2021-04-10,651027,133664373,635156.57
2021-04-11,1246368,134910741,651179.29
2021-04-12,607775,135518516,671151.57
2021-04-13,548097,136066613,688503.71
2021-04-14,608949,136675562,706132.0
2021-04-15,707942,137383504,718304.43
2021-04-16,708645,138092149,725543.29
2021-04-17,717477,138809626,735036.14
2021-04-18,1333576,140143202,747494.43
2021-04-19,707578,140850780,761752.0
2021-04-20,639135,141489915,774757.43
2021-04-21,679096,142169011,784778.43
2021-04-22,783895,142952906,795628.86
2021-04-23,800613,143753519,808767.14
2021-04-24,762772,144516291,815237.86
2021-04-25,1322599,145838890,813669.71
2021-04-26,734649,146573539,817537.0
2021-04-27,648580,147222119,818886.29
2021-04-28,693518,147915637,820946.57
2021-04-29,795050,148710687,822540.14
2021-04-30,805015,149515702,823169.0
2021-05-01,789236,150304938,826949.57
2021-05-02,1227707,151532645,813393.57
2021-05-03,710384,152243029,809927.14
2021-05-04,638297,152881326,808458.14
2021-05-05,680136,153561462,806546.43
2021-05-06,776952,154338414,803961.0
2021-05-07,784827,155123241,801077.0
2021-05-08,757887,155881128,796598.57
2021-05-09,1115821,156996949,780614.86
2021-05-10,673336,157670285,775322.29
2021-05-11,606744,158277029,770814.71
2021-05-12,609816,158886845,760769.0
2021-05-13,696520,159583365,749278.71
2021-05-14,675552,160258917,733668.0
2021-05-15,642029,160900946,717116.86
2021-05-16,907808,161808754,687400.71
2021-05-17,587812,162396566,675183.0
2021-05-18,523807,162920373,663334.86
2021-05-19,530790,163451163,652045.43
2021-05-20,604540,164055703,638905.43
2021-05-21,598453,164654156,627891.29
2021-05-22,585494,165239650,619814.86
2021-05-23,785462,166025112,602336.86
2021-05-24,506899,166532011,590777.86
2021-05-25,432270,166964281,577701.14
2021-05-26,465856,167430137,568424.86
2021-05-27,534396,167964533,558404.29
2021-05-28,518566,168483099,546991.86
2021-05-29,475513,168958612,531280.29
2021-05-30,613751,169572363,506750.14
2021-05-31,446119,170018482,498067.29
2021-06-01,372414,170390896,489516.43
2021-06-02,374525,170765421,476469.14
2021-06-03,436382,171201803,462467.14
2021-06-04,454024,171655827,453246.86
2021-06-05,420242,172076069,445351.0
2021-06-06,502032,172578101,429391.14
2021-06-07,367172,172945273,418113.0
2021-06-08,313537,173258810,409702.0
2021-06-09,330850,173589660,403462.71
2021-06-10,363831,173953491,393098.29
2021-06-11,409330,174362821,386713.43
2021-06-12,391459,174754280,382601.57
2021-06-13,471530,175225810,378244.14
2021-06-14,355519,175581329,376579.43
2021-06-15,299219,175880548,374534.0
2021-06-16,305611,176186159,370928.43
2021-06-17,374226,176560385,372413.43
2021-06-18,398859,176959244,370917.57
2021-06-19,365229,177324473,367170.43
2021-06-20,438110,177762583,362396.14
2021-06-21,339076,178101659,360047.14
2021-06-22,301339,178402998,360350.0
2021-06-23,316418,178719416,361893.86
2021-06-24,404093,179123509,366160.57
2021-06-25,429330,179552839,370513.57
2021-06-26,386697,179939536,373580.43
2021-06-27,454781,180394317,375962.0
2021-06-28,362322,180756639,379282.86
2021-06-29,319338,181075977,381854.14
2021-06-30,341747,181417724,385472.57
2021-07-01,405064,181822788,385611.29
2021-07-02,386615,182209403,379509.14
2021-07-03,409941,182619344,382829.71
2021-07-04,534964,183154308,394284.43
2021-07-05,372403,183526711,395724.57
2021-07-06,338388,183865099,398446.0
2021-07-07,373605,184238704,402997.14
2021-07-08,455733,184694437,410235.57
2021-07-09,452137,185146574,419595.86
2021-07-10,600152,185746726,446768.86
2021-07-11,693495,186440221,469416.14
2021-07-12,409709,186849930,474745.57
2021-07-13,383602,187233532,481204.71
2021-07-14,441782,187675314,490944.29
2021-07-15,497135,188172449,496858.86
2021-07-16,518913,188691362,506398.29
2021-07-17,513328,189204690,493994.86
2021-07-18,842324,190047014,515256.14
2021-07-19,425639,190472653,517531.86
2021-07-20,410363,190883016,521354.86
2021-07-21,452661,191335677,522909.0
2021-07-22,477179,191812856,520058.14
2021-07-23,504620,192317476,518016.29
2021-07-24,514356,192831832,518163.14
2021-07-25,971857,193803689,536667.86
2021-07-26,454475,194258164,540787.29
2021-07-27,440838,194699002,545140.86
2021-07-28,533089,195232091,556630.57
2021-07-29,589875,195821966,572730.0
2021-07-30,595914,196417880,585772.0
2021-07-31,579865,196997745,595130.43
2021-08-01,949411,197947156,591923.86
2021-08-02,499377,198446533,598338.43
2021-08-03,485143,198931676,604667.71
2021-08-04,570906,199502582,610070.14
2021-08-05,612371,200114953,613283.86
2021-08-06,668694,200783647,623681.0
2021-08-07,625151,201408798,630150.43
2021-08-08,959204,202368002,631549.43
2021-08-09,551977,202919979,639063.71
2021-08-10,506946,203426925,642178.43
2021-08-11,563949,203990874,641184.57
2021-08-12,631634,204622508,643936.43
2021-08-13,654044,205276552,641843.57
2021-08-14,654116,205930668,645981.43
2021-08-15,956273,206886941,645562.71
2021-08-16,549309,207436250,645181.57
2021-08-17,519447,207955697,646967.43
2021-08-18,580602,208536299,649346.43
2021-08-19,679543,209215842,656190.57
2021-08-20,670727,209886569,658573.86
2021-08-21,651424,210537993,658189.29
2021-08-22,946777,211484770,656832.71
2021-08-23,531991,212016761,654358.71
2021-08-24,521238,212537999,654614.57
2021-08-25,588167,213126166,655695.29
2021-08-26,660237,213786403,652937.29
2021-08-27,660160,214446563,651427.71
2021-08-28,664378,215110941,653278.29
2021-08-29,941282,216052223,652493.29
2021-08-30,539085,216591308,653506.71
2021-08-31,488237,217079545,648792.29
2021-09-01,551852,217631397,643604.43
2021-09-02,634615,218266012,639944.14
2021-09-03,647118,218913130,638081.0
2021-09-04,622015,219535145,632029.14
2021-09-05,875085,220410230,622572.43
2021-09-06,503375,220913605,617471.0
2021-09-07,476345,221389950,615772.14
2021-09-08,512520,221902470,610153.29
2021-09-09,517295,222419765,593393.29
2021-09-10,552698,222972463,579904.71
2021-09-11,583560,223556023,574411.14
2021-09-12,783960,224339983,561393.29
2021-09-13,464454,224804437,555833.14
2021-09-14,440196,225244633,550669.0
2021-09-15,476181,225720814,545477.71
2021-09-16,527234,226248048,546897.57
2021-09-17,516306,226764354,541698.71
2021-09-18,535056,227299410,534769.57
2021-09-19,725243,228024653,526381.43
2021-09-20,558604,228583257,539831.43
2021-09-21,401460,228984717,534297.71
2021-09-22,431317,229416034,527888.57
2021-09-23,470977,229887011,519851.86
2021-09-24,495583,230382594,516891.43
2021-09-25,477032,230859626,508602.29
2021-09-26,672585,231532211,501079.71
2021-09-27,379561,231911772,475502.14
2021-09-28,344731,232256503,467398.0
2021-09-29,417351,232673854,465402.86
2021-09-30,441036,233114890,461125.57
2021-10-01,440487,233555377,453254.71
2021-10-02,439421,233994798,447881.71
2021-10-03,647638,234642436,444317.86
2021-10-04,336459,234978895,438160.43
2021-10-05,323435,235302330,435118.14
2021-10-06,390102,235692432,431225.43
2021-10-07,417151,236109583,427813.29
2021-10-08,424222,236533805,425489.71
2021-10-09,403638,236937443,420377.86
2021-10-10,661876,237599319,422411.86
2021-10-11,322297,237921616,420388.71
2021-10-12,312040,238233656,418760.86
2021-10-13,375459,238609115,416669.0
2021-10-14,392463,239001578,413142.14
2021-10-15,391667,239393245,408491.43
2021-10-16,399990,239793235,407970.29
2021-10-17,689547,240482782,411923.29
2021-10-18,314306,240797088,410781.71
2021-10-19,308782,241105870,410316.29
2021-10-20,383310,241489180,411437.86
2021-10-21,401424,241890604,412718.0
2021-10-22,401508,242292112,414123.86
2021-10-23,394034,242686146,413273.0
2021-10-24,802967,243489113,429475.86
2021-10-25,296224,243785337,426892.71
2021-10-26,280007,244065344,422782.0
2021-10-27,393694,244459038,424265.43
2021-10-28,421518,244880556,427136.0
2021-10-29,408460,245289016,428129.14
2021-10-30,430368,245719384,433319.71
2021-10-31,897465,246616849,446819.43
2021-11-01,294860,246911709,446624.57
2021-11-02,286316,247198025,447525.86
2021-11-03,412082,247610107,450152.71
2021-11-04,393698,248003805,446178.43
2021-11-05,405776,248409581,445795.0
2021-11-06,401984,248811565,441740.14
2021-11-07,985477,249797042,454313.29
2021-11-08,305907,250102949,455891.43
2021-11-09,304787,250407736,458530.14
2021-11-10,450458,250858194,464012.43
2021-11-11,426555,251284749,468706.29
2021-11-12,425300,251710049,471495.43
2021-11-13,387344,252097393,469404.0
2021-11-14,1177548,253274941,496842.71
2021-11-15,351489,253626430,503354.43
2021-11-16,314077,253940507,504681.57
2021-11-17,485814,254426321,509732.43
2021-11-18,449610,254875931,513026.0
2021-11-19,456073,255332004,517422.14
2021-11-20,467898,255799902,528929.86
2021-11-21,1338351,257138253,551901.71
2021-11-22,342114,257480367,550562.43
2021-11-23,359595,257839962,557065.0
2021-11-24,537569,258377531,564458.57
2021-11-25,473332,258850863,567847.43
2021-11-26,488805,259339668,572523.43
2021-11-27,422607,259762275,566053.29
2021-11-28,1423207,261185482,578175.57
2021-11-29,350539,261536021,579379.14
2021-11-30,354267,261890288,578618.0
2021-12-01,466013,262356301,568395.71
2021-12-02,502495,262858796,572561.86
2021-12-03,514135,263372931,576180.43
2021-12-04,504641,263877572,587899.57
2021-12-05,1581190,265458762,610468.57
2021-12-06,360845,265819607,611940.86
2021-12-07,355866,266175473,612169.29
2021-12-08,556399,266731872,625081.57
2021-12-09,507343,267239215,625774.14
2021-12-10,501855,267741070,624019.86
2021-12-11,494614,268235684,622587.43
2021-12-12,1537006,269772690,616275.43
2021-12-13,376286,270148976,618481.29
2021-12-14,373009,270521985,620930.29
2021-12-15,583810,271105795,624846.14
2021-12-16,562588,271668383,632738.29
2021-12-17,575820,272244203,643304.71
2021-12-18,572056,272816259,654367.86
2021-12-19,1659077,274475336,671806.57
2021-12-20,422346,274897682,678386.57
2021-12-21,455752,275353434,690207.0
2021-12-22,721597,276075031,709890.86
2021-12-23,704175,276779206,730117.57
2021-12-24,757623,277536829,756089.43
2021-12-25,775569,278312398,785162.71
2021-12-26,2251495,280563893,869793.86
2021-12-27,475565,281039458,877396.57
2021-12-28,683453,281722911,909925.29
2021-12-29,1165008,282887919,973269.71
2021-12-30,1155817,284043736,1037790.0
2021-12-31,1348260,285391996,1122166.71
2022-01-01,1428461,286820457,1215437.0
2022-01-02,4204296,291024753,1494408.57
2022-01-03,909747,291934500,1556434.57
2022-01-04,1183782,293118282,1627910.14
2022-01-05,2007023,295125305,1748198.0
2022-01-06,2044717,297170022,1875183.71
2022-01-07,2017800,299187822,1970832.29
2022-01-08,1989842,301177664,2051029.57
2022-01-09,6439660,307617324,2370367.29
2022-01-10,1639500,309256824,2474617.71
2022-01-11,1648855,310905679,2541056.71
2022-01-12,2788105,313693784,2652639.86
2022-01-13,2394446,316088230,2702601.14
2022-01-14,2496725,318584955,2771019.0
2022-01-15,2494893,321079848,2843169.14
2022-01-16,7196825,328276673,2951335.57
2022-01-17,1923050,330199723,2991842.71
2022-01-18,1817526,332017249,3015938.57
2022-01-19,2860880,334878129,3026335.0
2022-01-20,2861687,337739816,3093083.71
2022-01-21,2917078,340656894,3153134.14
2022-01-22,2814094,343470988,3198734.29
2022-01-23,8346273,351817261,3362941.14
2022-01-24,2086977,353904238,3386359.29
2022-01-25,2060088,355964326,3421011.0
2022-01-26,3012584,358976910,3442683.0
2022-01-27,2614114,361591024,3407315.43
2022-01-28,2657873,364248897,3370286.14
2022-01-29,2590473,366839370,3338340.29
2022-01-30,8401906,375241276,3346287.86
2022-01-31,1927297,377168573,3323476.43
2022-02-01,1746807,378915380,3278722.0
2022-02-02,2454119,381369499,3198941.29
2022-02-03,2292826,383662325,3153043.0
2022-02-04,2183421,385845746,3085264.14
2022-02-05,2245319,388091065,3035956.43
2022-02-06,7078197,395169262,2846855.14
2022-02-07,1596537,396765799,2799603.71
2022-02-08,1488310,398254109,2762675.57
2022-02-09,1954443,400208552,2691293.29
2022-02-10,1918777,402127329,2637857.71
2022-02-11,1813681,403941010,2585037.71
2022-02-12,1672893,405613903,2503262.57
2022-02-13,5467047,411080950,2273098.29
2022-02-14,1281711,412362661,2228123.14
2022-02-15,1253681,413616342,2194604.71
2022-02-16,1552728,415169070,2137216.86
2022-02-17,1547415,416716485,2084165.14
2022-02-18,1516491,418232976,2041709.43
2022-02-19,1432288,419665264,2007337.29
2022-02-20,4287329,423952593,1838806.14
2022-02-21,1095683,425048276,1812230.71
2022-02-22,1174004,426222280,1800848.29
2022-02-23,1332958,427555238,1769452.57
2022-02-24,1376715,428931953,1745066.86
2022-02-25,1343055,430275008,1720290.29
2022-02-26,1253461,431528469,1694743.57
2022-02-27,3473876,435002345,1578536.0
2022-02-28,1097208,436099553,1578753.86
2022-03-01,1072761,437172314,1564290.57
2022-03-02,1246188,438418502,1551894.86
2022-03-03,1321479,439739981,1544004.0
2022-03-04,1246552,440986533,1530217.86
2022-03-05,1234687,442221220,1527535.86
2022-03-06,3681296,445902516,1557167.29
2022-03-07,963726,446866242,1538098.43
2022-03-08,1190476,448056718,1554914.86
2022-03-09,1356669,449413387,1570697.86
2022-03-10,1282157,450695544,1565080.43
2022-03-11,1327288,452022832,1576614.14
2022-03-12,1539409,453562241,1620145.86
2022-03-13,4145714,457707955,1686491.29
2022-03-14,1156638,458864593,1714050.14
2022-03-15,1149739,460014332,1708230.57
2022-03-16,1616552,461630884,1745356.71
2022-03-17,1481246,463112130,1773798.0
2022-03-18,1288007,464400137,1768186.43
2022-03-19,1432555,465832692,1752921.57
2022-03-20,4253673,470086365,1768344.29
2022-03-21,982331,471068696,1743443.29
2022-03-22,1220969,472289665,1753619.0
2022-03-23,1181867,473471532,1691521.14
2022-03-24,1113866,474585398,1639038.29
2022-03-25,1134695,475720093,1617136.57
2022-03-26,1062156,476782249,1564222.43
2022-03-27,4302355,481084604,1571177.0
2022-03-28,1015044,482099648,1575850.29
2022-03-29,992187,483091835,1543167.14
2022-03-30,970263,484062098,1512938.0
2022-03-31,918890,484980988,1485084.29
2022-04-01,889121,485870109,1450002.29
2022-04-02,783638,486653747,1410214.0
2022-04-03,3799974,490453721,1338445.29
2022-04-04,638052,491091773,1284589.29
2022-04-05,677824,491769597,1239680.29
2022-04-06,726781,492496378,1204897.14
2022-04-07,750321,493246699,1180815.86
2022-04-08,685155,493931854,1151677.86
2022-04-09,595721,494527575,1124832.57
2022-04-10,3126323,497653898,1028596.71
2022-04-11,558850,498212748,1017282.14
2022-04-12,500155,498712903,991900.86
2022-04-13,571888,499284791,969773.29
2022-04-14,463077,499747868,928738.43
2022-04-15,603429,500351297,917063.29
2022-04-16,468410,500819707,898876.0
2022-04-17,2531959,503351666,813966.86
2022-04-18,405380,503757046,792042.57
2022-04-19,331436,504088482,767939.86
2022-04-20,390164,504478646,741979.29
2022-04-21,502357,504981003,747590.71
2022-04-22,477577,505458580,729611.86
2022-04-23,403751,505862331,720374.86
2022-04-24,2192552,508054883,671888.14
2022-04-25,317833,508372716,659381.43
2022-04-26,332258,508704974,659498.86
2022-04-27,352723,509057697,654150.14
2022-04-28,428274,509485971,643566.86
2022-04-29,387235,509873206,630660.86
2022-04-30,335918,510209124,620970.43
2022-05-01,1844629,512053753,571267.14
2022-05-02,263517,512317270,563507.71
2022-05-03,245409,512562679,551100.71
2022-05-04,326698,512889377,547382.86
2022-05-05,346233,513235610,535662.71
2022-05-06,366715,513602325,532731.29
2022-05-07,375760,513978085,538423.0
2022-05-08,1694765,515672850,517013.86
2022-05-09,282341,515955191,519703.0
2022-05-10,282568,516237759,525011.43
2022-05-11,414791,516652550,537596.14
2022-05-12,423444,517075994,548626.29
2022-05-13,434275,517510269,558277.71
2022-05-14,386125,517896394,559758.43
2022-05-15,1740705,519637099,566321.29
2022-05-16,278085,519915184,565713.29
2022-05-17,270175,520185359,563942.86
2022-05-18,431298,520616657,566301.0
2022-05-19,452394,521069051,570436.71
2022-05-20,435511,521504562,570613.29
2022-05-21,380722,521885284,569841.43
2022-05-22,1533903,523419187,540298.29
2022-05-23,252692,523671879,536670.71
2022-05-24,276933,523948812,537636.14
2022-05-25,380959,524329771,530444.86
2022-05-26,417368,524747139,525441.14
2022-05-27,404259,525151398,520976.57
2022-05-28,374224,525525622,520048.29
2022-05-29,1280454,526806076,483841.29
2022-05-30,241593,527047669,482255.71
2022-05-31,232025,527279694,475840.29
2022-06-01,309045,527588739,465566.86
2022-06-02,430191,528018930,467398.71
2022-06-03,392226,528411156,465679.71
2022-06-04,332477,528743633,459715.86
2022-06-05,1321444,530065077,465571.57
2022-06-06,216397,530281474,461972.14
2022-06-07,243781,530525255,463651.57
2022-06-08,382514,530907769,474147.14
2022-06-09,448040,531355809,476697.0
2022-06-10,416775,531772584,480204.0
2022-06-11,404903,532177487,490550.57
2022-06-12,1410697,533588184,503301.0
2022-06-13,229760,533817944,505210.0
2022-06-14,242192,534060136,504983.0
2022-06-15,390539,534450675,506129.43
2022-06-16,422085,534872760,502421.57
2022-06-17,457440,535330200,508230.86
2022-06-18,409738,535739938,508921.57
2022-06-19,1618713,537358651,538638.14
2022-06-20,256293,537614944,542428.57
2022-06-21,257300,537872244,544586.86
2022-06-22,410469,538282713,547434.0
2022-06-23,527273,538809986,562460.86
2022-06-24,511335,539321321,570160.14
2022-06-25,505790,539827111,583881.86
2022-06-26,2123462,541950573,655988.86
2022-06-27,326018,542276591,665949.57
2022-06-28,311382,542587973,673675.57
2022-06-29,485660,543073633,684417.14
2022-06-30,621371,543695004,697859.71
2022-07-01,590259,544285263,709134.57
2022-07-02,609178,544894441,723904.29
2022-07-03,2337563,547232004,754490.14
2022-07-04,635566,547867570,798711.29
2022-07-05,335760,548203330,802193.86
2022-07-06,569969,548773299,814238.0
2022-07-07,679896,549453195,822598.71
2022-07-08,683830,550137025,835966.0
2022-07-09,693921,550830946,848072.14
2022-07-10,2742615,553573561,905936.71
2022-07-11,742489,554316050,921211.43
2022-07-12,421890,554737940,933515.71
2022-07-13,725224,555463164,955695.0
2022-07-14,778210,556241374,969739.86
2022-07-15,772831,557014205,982454.29
2022-07-16,794863,557809068,996874.57
2022-07-17,2742636,560551704,996877.57
2022-07-18,835784,561387488,1010205.43
2022-07-19,463175,561850663,1016103.29
2022-07-20,732600,562583263,1017157.0
2022-07-21,811025,563394288,1021844.86
2022-07-22,831758,564226046,1030263.0
2022-07-23,864318,565090364,1040185.14
2022-07-24,2634611,567724975,1024753.0
2022-07-25,914147,568639122,1035947.71
2022-07-26,555914,569195036,1049196.14
2022-07-27,796960,569991996,1058390.43
2022-07-28,831343,570823339,1061293.0
2022-07-29,849646,571672985,1063848.43
2022-07-30,856321,572529306,1062706.0
2022-07-31,2400018,574929324,1029192.71
2022-08-01,794962,575724286,1012166.29
2022-08-02,539224,576263510,1009782.0
2022-08-03,782930,577046440,1007777.71
2022-08-04,822649,577869089,1006535.71
2022-08-05,1225361,579094450,1060209.29
2022-08-06,823825,579918275,1055567.0
2022-08-07,1956184,581874459,992162.14
2022-08-08,707937,582582396,979730.0
2022-08-09,535873,583118269,979251.29
2022-08-10,739024,583857293,972979.0
2022-08-11,777771,584635064,966567.86
2022-08-12,796069,585431133,905240.43
2022-08-13,751356,586182489,894887.71
2022-08-14,1444356,587626845,821769.43
2022-08-15,612933,588239778,808197.43
2022-08-16,424377,588664155,792269.43
2022-08-17,687466,589351621,784904.0
2022-08-18,775278,590126899,784547.86
2022-08-19,776032,590902931,781685.43
2022-08-20,779411,591682342,785693.29
2022-08-21,1330494,593012836,769427.29
2022-08-22,595684,593608520,766963.14
2022-08-23,527653,594136173,781716.86
2022-08-24,651632,594787805,776597.71
2022-08-25,708930,595496735,767119.43
2022-08-26,700129,596196864,756276.14
2022-08-27,641128,596837992,736521.43
2022-08-28,940462,597778454,680802.57
2022-08-29,651222,598429676,688736.57
2022-08-30,416560,598846236,672866.14
2022-08-31,552336,599398572,658681.0
2022-09-01,593895,599992467,642247.43
2022-09-02,586821,600579288,626060.57
2022-09-03,542714,601122002,612001.43
2022-09-04,946136,602068138,612812.0
2022-09-05,395749,602463887,576315.86
2022-09-06,356494,602820381,567735.0
2022-09-07,406097,603226478,546843.71
2022-09-08,531489,603757967,537928.57
2022-09-09,473157,604231124,521690.86
2022-09-10,351030,604582154,494307.43
2022-09-11,755267,605337421,467040.43
2022-09-12,536187,605873608,487103.0
2022-09-13,289122,606162730,477478.43
2022-09-14,450789,606613519,483863.0
2022-09-15,446109,607059628,471665.86
2022-09-16,445016,607504644,467645.71
2022-09-17,367806,607872450,470042.29
2022-09-18,860675,608733125,485100.57
2022-09-19,449122,609182247,472662.71
2022-09-20,262319,609444566,468833.71
2022-09-21,359639,609804205,455812.29
2022-09-22,335890,610140095,440066.71
2022-09-23,397275,610537370,433246.57
2022-09-24,409091,610946461,439144.43
2022-09-25,1004957,611951418,459756.14
2022-09-26,268309,612219727,433925.71
2022-09-27,259083,612478810,433463.43
2022-09-28,301466,612780276,425153.0
2022-09-29,359719,613139995,428557.14
2022-09-30,362454,613502449,423582.71
2022-10-01,423611,613926060,425657.0
2022-10-02,1256094,615182154,461533.71
2022-10-03,218191,615400345,454374.0
2022-10-04,186861,615587206,444056.57
2022-10-05,341005,615928211,449705.0
2022-10-06,330105,616258316,445474.43
2022-10-07,326074,616584390,440277.29
2022-10-08,376731,616961121,433580.14
2022-10-09,1439598,618400719,459795.0
2022-10-10,216236,618616955,459515.71
2022-10-11,185537,618802492,459326.57
2022-10-12,323178,619125670,456779.86
2022-10-13,322559,619448229,455701.86
2022-10-14,321450,619769679,455041.29
2022-10-15,329812,620099491,448338.57
2022-10-16,1476777,621576268,453649.86
2022-10-17,215951,621792219,453609.14
2022-10-18,198743,621990962,455495.71
2022-10-19,311635,622302597,453846.71
2022-10-20,283157,622585754,448217.86
2022-10-21,226148,622811902,434603.29
2022-10-22,423540,623235442,447993.0
2022-10-23,1238438,624473880,413944.57
2022-10-24,175259,624649139,408131.43
2022-10-25,190074,624839213,406893.0
2022-10-26,257054,625096267,399095.71
2022-10-27,231005,625327272,391645.43
2022-10-28,474683,625801955,427150.43
2022-10-29,282911,626084866,407060.57
2022-10-30,923417,627008283,362057.57
2022-10-31,175439,627183722,362083.29
2022-11-01,207398,627391120,364558.14
2022-11-02,260392,627651512,365035.0
2022-11-03,225131,627876643,364195.86
2022-11-04,482769,628359412,365351.0
2022-11-05,256623,628616035,361595.57
2022-11-06,726913,629342948,333523.57
2022-11-07,193735,629536683,336137.29
2022-11-08,248400,629785083,341994.71
2022-11-09,190489,629975572,332008.57
2022-11-10,270956,630246528,338555.0
2022-11-11,542141,630788669,347036.71
2022-11-12,344012,631132681,359520.86
2022-11-13,699423,631832104,355593.71
2022-11-14,226898,632059002,360331.29
2022-11-15,280643,632339645,364937.43
2022-11-16,309667,632649312,381962.86
2022-11-17,274327,632923639,382444.43
2022-11-18,463926,633387565,371270.86
2022-11-19,384451,633772016,377047.86
2022-11-20,742871,634514887,383254.71
2022-11-21,250603,634765490,386641.14
2022-11-22,278285,635043775,386304.29
2022-11-23,354404,635398179,392695.29
2022-11-24,257272,635655451,390258.86
2022-11-25,505334,636160785,396174.29
2022-11-26,453771,636614556,406077.14
2022-11-27,877943,637492499,425373.14
2022-11-28,263872,637756371,427268.71
2022-11-29,305749,638062120,431192.14
2022-11-30,358261,638420381,431743.14
2022-12-01,346684,638767065,444516.29
2022-12-02,639608,639406673,463698.29
2022-12-03,335306,639741979,446774.71
2022-12-04,987527,640729506,462429.57
2022-12-05,301977,641031483,467873.14
2022-12-06,307207,641338690,468081.43
2022-12-07,387611,641726301,472274.29
2022-12-08,422872,642149173,483158.29
2022-12-09,832899,642982072,510771.29
2022-12-10,798192,643780264,576897.86
2022-12-11,1564400,645344664,659308.29
2022-12-12,1070966,646415630,769163.86
2022-12-13,1228364,647643994,900757.71
2022-12-14,1478662,649122656,1056622.14
2022-12-15,1564016,650686672,1219642.71
2022-12-16,2667065,653353737,1481666.43
2022-12-17,2696967,656050704,1752920.0
2022-12-18,4271457,660322161,2139642.43
2022-12-19,4364831,664686992,2610194.57
2022-12-20,5444146,670131138,3212449.14
2022-12-21,6336738,676467876,3906460.0
2022-12-22,6843175,683311051,4660625.57
2022-12-23,7852908,691163959,5401460.29
2022-12-24,6727748,697891707,5977286.14
2022-12-25,6666659,704558366,6319457.86
2022-12-26,4942856,709501222,6402032.86
2022-12-27,4866848,714368070,6319561.71
2022-12-28,4812477,719180547,6101810.14
2022-12-29,3730492,722911039,5657141.14
2022-12-30,3708597,726619636,5065096.71
2022-12-31,2783467,729403103,4501628.0
2023-01-01,2887955,732291058,3961813.14
2023-01-02,1837591,734128649,3518203.86
2023-01-03,1470316,735598965,3032985.0
2023-01-04,1633605,737232570,2578860.43
2023-01-05,1508037,738740607,2261366.86
2023-01-06,1873245,740613852,1999173.71
2023-01-07,1273749,741887601,1783499.71
2023-01-08,1383456,743271057,1568571.29
2023-01-09,881614,744152671,1432003.14
2023-01-10,598636,744751307,1307477.43
2023-01-11,618467,745369774,1162457.71
2023-01-12,640395,746010169,1038508.86
2023-01-13,1023267,747033436,917083.43
2023-01-14,495337,747528773,805881.71
2023-01-15,629229,748158002,698135.0
2023-01-16,370279,748528281,625087.14
2023-01-17,237845,748766126,573545.57
2023-01-18,352793,749118919,535592.14
2023-01-19,325724,749444643,490639.14
2023-01-20,582803,750027446,427715.71
2023-01-21,273776,750301222,396064.14
2023-01-22,371662,750672884,359268.86
2023-01-23,170065,750842949,330666.86
2023-01-24,107807,750950756,312090.0
2023-01-25,177453,751128209,287041.43
2023-01-26,191300,751319509,267838.0
2023-01-27,459317,751778826,250197.14
2023-01-28,163100,751941926,234386.29
2023-01-29,290451,752232377,222784.71
2023-01-30,134990,752367367,217774.0
2023-01-31,66297,752433664,211844.0
2023-02-01,176142,752609806,211656.71
2023-02-02,130044,752739850,202905.86
2023-02-03,432640,753172490,199094.86
2023-02-04,178343,753350833,201272.43
2023-02-05,267175,753618008,197947.29
2023-02-06,107668,753725676,194044.14
2023-02-07,83529,753809205,196505.86
2023-02-08,134354,753943559,190536.14
2023-02-09,133895,754077454,191086.29
2023-02-10,407546,754485000,187501.43
2023-02-11,124717,754609717,179840.57
2023-02-12,255716,754865433,178203.57
2023-02-13,90227,754955660,175712.0
2023-02-14,71703,755027363,174022.57
2023-02-15,135039,755162402,174120.43
2023-02-16,108693,755271095,170520.14
2023-02-17,357749,755628844,163406.29
2023-02-18,99294,755728138,159774.43
2023-02-19,283037,756011175,163677.43
2023-02-20,98128,756109303,164806.14
2023-02-21,65792,756175095,163961.71
2023-02-22,99425,756274520,158874.0
2023-02-23,97532,756372052,157279.57
2023-02-24,93925,756465977,119590.43
2023-02-25,352396,756818373,155747.86
2023-02-26,265614,757083987,153258.86
2023-02-27,123569,757207556,156893.29
2023-02-28,57299,757264855,155680.0
2023-03-01,99334,757364189,155667.0
2023-03-02,100269,757464458,156058.0
2023-03-03,101783,757566241,157180.57
2023-03-04,306384,757872625,150607.43
2023-03-05,239782,758112407,146917.14
2023-03-06,126509,758238916,147337.14
2023-03-07,58166,758297082,147461.0
2023-03-08,86647,758383729,145648.57
2023-03-09,82821,758466550,143156.0
2023-03-10,77206,758543756,139645.0
2023-03-11,248579,758792335,131387.14
2023-03-12,214896,759007231,127832.0
2023-03-13,159888,759167119,132600.43
2023-03-14,57316,759224435,132479.0
2023-03-15,83256,759307691,131994.57
2023-03-16,80749,759388440,131698.57
2023-03-17,68006,759456446,130384.29
2023-03-18,208939,759665385,124721.43
2023-03-19,221068,759886453,125603.14
2023-03-20,153600,760040053,124704.86
2023-03-21,53703,760093756,124188.71
2023-03-22,67754,760161510,121974.14
2023-03-23,64959,760226469,119718.43
2023-03-24,62836,760289305,118979.86
2023-03-25,225816,760515121,121390.86
2023-03-26,204469,760719590,119019.57
2023-03-27,95707,760815297,110749.14
2023-03-28,44790,760860087,109475.86
2023-03-29,62716,760922803,108756.14
2023-03-30,114280,761037083,115802.0
2023-03-31,49933,761087016,113958.71
2023-04-01,233684,761320700,115082.71
2023-04-02,198424,761519124,114219.14
2023-04-03,106535,761625659,115766.0
2023-04-04,35455,761661114,114432.43
2023-04-05,54194,761715308,113215.0
2023-04-06,54351,761769659,104653.71
2023-04-07,49705,761819364,104621.14
2023-04-08,48160,761867524,78117.71
2023-04-09,352663,762220187,100151.86
2023-04-10,93569,762313756,98299.57
2023-04-11,37040,762350796,98526.0
2023-04-12,51731,762402527,98174.14
2023-04-13,58920,762461447,98826.86
2023-04-14,56609,762518056,99813.14
2023-04-15,53583,762571639,100587.86
2023-04-16,343365,762915004,99259.57
2023-04-17,112991,763027995,102034.14
2023-04-18,44704,763072699,103129.0
2023-04-19,62700,763135399,104696.0
2023-04-20,62962,763198361,105273.43
2023-04-21,60029,763258390,105762.0
2023-04-22,57511,763315901,106323.14
2023-04-23,336718,763652619,105373.57
2023-04-24,112239,763764858,105266.14
2023-04-25,41681,763806539,104834.29
2023-04-26,60253,763866792,104484.71
2023-04-27,57346,763924138,103682.43
2023-04-28,57305,763981443,103293.29
2023-04-29,55984,764037427,103075.14
2023-04-30,299803,764337230,97801.57
2023-05-01,105365,764442595,96819.57
2023-05-02,38904,764481499,96422.86
2023-05-03,56434,764537933,95877.29
2023-05-04,60988,764598921,96397.57
2023-05-05,52245,764651166,95674.71
2023-05-06,40466,764691632,93457.86
2023-05-07,255044,764946676,87063.71
2023-05-08,124957,765071633,89862.57
2023-05-09,46757,765118390,90984.43
2023-05-10,42421,765160811,88982.57
2023-05-11,37853,765198664,85677.57
2023-05-12,39403,765238067,83843.0
2023-05-13,36268,765274335,83243.29
2023-05-14,239241,765513576,80985.71
2023-05-15,113112,765626688,79293.57
2023-05-16,36499,765663187,77828.14
2023-05-17,38225,765701412,77228.71
2023-05-18,34452,765735864,76742.86
2023-05-19,30956,765766820,75536.14
2023-05-20,29373,765796193,74551.14
2023-05-21,89263,765885456,53125.71
2023-05-22,120320,766005776,54155.43
2023-05-23,32739,766038515,53618.29
2023-05-24,34714,766073229,53116.71
2023-05-25,30147,766103376,52501.71
2023-05-26,28546,766131922,52157.43
2023-05-27,27242,766159164,51853.0
2023-05-28,73340,766232504,49578.29
2023-05-29,95562,766328066,46041.43
2023-05-30,41869,766369935,47345.71
2023-05-31,31793,766401728,46928.43
2023-06-01,33524,766435252,47410.86
2023-06-02,25989,766461241,47045.57
2023-06-03,12574,766473815,44950.14
2023-06-04,48853,766522668,41452.0
2023-06-05,104522,766627190,42732.0
2023-06-06,7966,766635156,37888.71
2023-06-07,32635,766667791,38009.0
2023-06-08,22513,766690304,36436.0
2023-06-09,25419,766715723,36354.57
2023-06-10,29591,766745314,38785.57
2023-06-11,57944,766803258,40084.29
2023-06-12,81906,766885164,36853.43
2023-06-13,11117,766896281,37303.57
2023-06-14,4642,766900923,33304.57
2023-06-15,4149,766905072,30681.14
2023-06-16,3882,766908954,27604.43
2023-06-17,6820,766915774,24351.43
2023-06-18,30408,766946182,20417.71
2023-06-19,157578,767103760,31228.0
2023-06-20,5571,767109331,30435.71
2023-06-21,3506,767112837,30273.43
2023-06-22,3096,767115933,30123.0
2023-06-23,4479,767120412,30208.29
2023-06-24,4449,767124861,29869.57
2023-06-25,26358,767151219,29291.0
2023-06-26,151023,767302242,28354.57
2023-06-27,5023,767307265,28276.29
2023-06-28,2528,767309793,28136.57
2023-06-29,2418,767312211,28039.71
2023-06-30,2594,767314805,27770.43
2023-07-01,3336,767318141,27611.43
2023-07-02,9564,767327705,25212.29
2023-07-03,160424,767488129,26555.29
2023-07-04,8868,767496997,27104.57
2023-07-05,1771,767498768,26996.43
2023-07-06,1773,767500541,26904.29
2023-07-07,1741,767502282,26782.43
2023-07-08,2666,767504948,26686.71
2023-07-09,5684,767510632,26132.43
2023-07-10,184208,767694840,29530.14
2023-07-11,3894,767698734,28819.57
2023-07-12,1959,767700693,28846.43
2023-07-13,1767,767702460,28845.57
2023-07-14,1778,767704238,28850.86
2023-07-15,2201,767706439,28784.43
2023-07-16,5763,767712202,28795.71
2023-07-17,231312,767943514,35524.86
2023-07-18,3760,767947274,35505.71
2023-07-19,2024,767949298,35515.0
2023-07-20,1928,767951226,35538.0
2023-07-21,1971,767953197,35565.57
2023-07-22,2553,767955750,35615.86
2023-07-23,6601,767962351,35735.57
2023-07-24,291451,768253802,44326.86
2023-07-25,7119,768260921,44806.71
2023-07-26,2275,768263196,44842.57
2023-07-27,2159,768265355,44875.57
2023-07-28,2199,768267554,44908.14
2023-07-29,2730,768270284,44933.43
2023-07-30,9089,768279373,45288.86
2023-07-31,337502,768616875,51867.57
2023-08-01,339811,768956686,99395.0
2023-08-02,3028,768959714,99502.57
2023-08-03,2886,768962600,99606.43
2023-08-04,3127,768965727,99739.0
2023-08-05,3446,768969173,99841.29
2023-08-06,11868,768981041,100238.29
2023-08-07,36900,769017941,57295.14
2023-08-08,71153,769089094,18915.43
2023-08-09,3300,769092394,18954.29
2023-08-10,3029,769095423,18974.71
2023-08-11,3290,769098713,18998.0
2023-08-12,3777,769102490,19045.29
2023-08-13,12663,769115153,19158.86
2023-08-14,301251,769416404,56923.29
2023-08-15,10446,769426850,48250.86
2023-08-16,3713,769430563,48309.86
2023-08-17,2991,769433554,48304.43
2023-08-18,4127,769437681,48424.0
2023-08-19,5213,769442894,48629.14
2023-08-20,15943,769458837,49097.71
2023-08-21,304165,769763002,49514.0
2023-08-22,10912,769773914,49580.57
2023-08-23,5752,769779666,49871.86
2023-08-24,5231,769784897,50191.86
2023-08-25,4734,769789631,50278.57
2023-08-26,5665,769795296,50343.14
2023-08-27,20399,769815695,50979.71
2023-08-28,278856,770094551,47364.14
2023-08-29,12057,770106608,47527.71
2023-08-30,6338,770112946,47611.43
2023-08-31,5615,770118561,47666.29
2023-09-01,5820,770124381,47821.43
2023-09-02,6664,770131045,47964.14
2023-09-03,24767,770155812,48588.14
2023-09-04,155100,770310912,30908.71
2023-09-05,15558,770326470,31408.86
2023-09-06,9295,770335765,31831.29
2023-09-07,8044,770343809,32178.29
2023-09-08,7536,770351345,32423.43
2023-09-09,8478,770359823,32682.57
2023-09-10,29194,770389017,33315.0
2023-09-11,24974,770413991,14725.57
2023-09-12,19541,770433532,15294.57
2023-09-13,12463,770445995,15747.14
2023-09-14,9898,770455893,16012.0
2023-09-15,8965,770464858,16216.14
2023-09-16,8962,770473820,16285.29
2023-09-17,35773,770509593,17225.14
2023-09-18,23978,770533571,17082.86
2023-09-19,26196,770559767,18033.57
2023-09-20,12966,770572733,18105.43
2023-09-21,10574,770583307,18202.0
2023-09-22,10920,770594227,18481.29
2023-09-23,9831,770604058,18605.43
2023-09-24,42389,770646447,19550.57
2023-09-25,34493,770680940,21052.71
2023-09-26,31479,770712419,21807.43
2023-09-27,13618,770726037,21900.57
2023-09-28,12216,770738253,22135.14
2023-09-29,12083,770750336,22301.29
2023-09-30,11437,770761773,22530.71
2023-10-01,42163,770803936,22498.43
2023-10-02,40498,770844434,23356.29
2023-10-03,34524,770878958,23791.29
2023-10-04,16199,770895157,24160.0
2023-10-05,13276,770908433,24311.43
2023-10-06,11875,770920308,24281.71
2023-10-07,10930,770931238,24209.29
2023-10-08,39849,770971087,23878.71
2023-10-09,35182,771006269,23119.29
2023-10-10,33530,771039799,22977.29
2023-10-11,13604,771053403,22606.57
2023-10-12,11983,771065386,22421.86
2023-10-13,10525,771075911,22229.0
2023-10-14,9040,771084951,21959.0
2023-10-15,37240,771122191,21586.29
2023-10-16,34756,771156947,21525.43
2023-10-17,35601,771192548,21821.29
2023-10-18,11398,771203946,21506.14
2023-10-19,9026,771212972,21083.71
2023-10-20,8485,771221457,20792.29
2023-10-21,9183,771230640,20812.71
2023-10-22,32221,771262861,20095.71
2023-10-23,34398,771297259,20044.57
2023-10-24,42339,771339598,21007.14
2023-10-25,11393,771350991,21006.43
2023-10-26,9534,771360525,21079.0
2023-10-27,8441,771368966,21072.71
2023-10-28,8416,771377382,20963.14
2023-10-29,27780,771405162,20328.71
2023-10-30,135822,771540984,34817.86
2023-10-31,10185,771551169,30224.43
2023-11-01,1020,771552189,28742.57
2023-11-02,1016,771553205,27525.71
2023-11-03,704,771553909,26420.43
2023-11-04,1263,771555172,25398.57
2023-11-05,3030,771558202,21862.86
2023-11-06,153560,771711762,24396.86
2023-11-07,11021,771722783,24516.29
2023-11-08,822,771723605,24488.0
2023-11-09,888,771724493,24469.71
2023-11-10,734,771725227,24474.0
2023-11-11,1118,771726345,24453.29
2023-11-12,2558,771728903,24385.86
2023-11-13,184649,771913552,28827.14
2023-11-14,12010,771925562,28968.43
2023-11-15,865,771926427,28974.57
2023-11-16,948,771927375,28983.14
2023-11-17,827,771928202,28996.43
2023-11-18,1252,771929454,29015.57
2023-11-19,2840,771932294,29055.86
2023-11-20,216502,772148796,33606.29
2023-11-21,12360,772161156,33656.29
2023-11-22,77,772161233,33543.71
2023-11-23,227,772161460,33440.71
2023-11-24,134,772161594,33341.71
2023-11-25,860,772162454,33285.71
2023-11-26,3977,772166431,33448.14
2023-11-27,263075,772429506,40101.43
2023-11-28,10116,772439622,39780.86
2023-11-29,138,772439760,39789.57
2023-11-30,242,772440002,39791.71
2023-12-01,171,772440173,39797.0
2023-12-02,794,772440967,39787.57
2023-12-03,7184,772448151,40245.71
2023-12-04,306828,772754979,46496.14
2023-12-05,9778,772764757,46447.86
2023-12-06,375,772765132,46481.71
2023-12-07,220,772765352,46478.57
2023-12-08,616,772765968,46542.14
2023-12-09,975,772766943,46568.0
2023-12-10,13876,772780819,47524.0
2023-12-11,347883,773128702,53389.0
2023-12-12,9121,773137823,53295.14
2023-12-13,262,773138085,53279.0
2023-12-14,1027,773139112,53394.29
2023-12-15,718,773139830,53408.86
2023-12-16,1329,773141159,53459.43
2023-12-17,21435,773162594,54539.29
2023-12-18,320040,773482634,50561.71
2023-12-19,10436,773493070,50749.57
2023-12-20,1111,773494181,50870.86
2023-12-21,1245,773495426,50902.0
2023-12-22,1125,773496551,50960.14
2023-12-23,1693,773498244,51012.14
2023-12-24,27155,773525399,51829.29
2023-12-25,227285,773752684,38578.57
2023-12-26,11205,773763889,38688.43
2023-12-27,879,773764768,38655.29
2023-12-28,1392,773766160,38676.29
2023-12-29,1248,773767408,38693.86
2023-12-30,1708,773769116,38696.0
2023-12-31,21929,773791045,37949.43
2024-01-01,171942,773962987,30043.29
2024-01-02,22538,773985525,31662.29
2024-01-03,1023,773986548,31682.86
2024-01-04,1634,773988182,31717.43
2024-01-05,1331,773989513,31729.29
2024-01-06,1855,773991368,31750.29
2024-01-07,1310,773992678,28804.71
2024-01-08,150742,774143420,25776.14
2024-01-09,20875,774164295,25538.57
2024-01-10,933,774165228,25525.71
2024-01-11,1551,774166779,25513.86
2024-01-12,1126,774167905,25484.57
2024-01-13,1456,774169361,25427.57
2024-01-14,13298,774182659,27140.14
2024-01-15,103518,774286177,20393.86
2024-01-16,20789,774306966,20381.57
2024-01-17,535,774307501,20324.71
2024-01-18,1083,774308584,20257.86
2024-01-19,832,774309416,20215.86
2024-01-20,1323,774310739,20196.86
2024-01-21,9168,774319907,19606.86
2024-01-22,86131,774406038,17123.0
2024-01-23,22176,774428214,17321.14
2024-01-24,358,774428572,17295.86
2024-01-25,815,774429387,17257.57
2024-01-26,629,774430016,17228.57
2024-01-27,1213,774431229,17212.86
2024-01-28,5054,774436283,16625.14
2024-01-29,72535,774508818,14682.86
2024-01-30,22008,774530826,14658.86
2024-01-31,285,774531111,14648.43
2024-02-01,834,774531945,14651.14
2024-02-02,724,774532669,14664.71
2024-02-03,1058,774533727,14642.57
2024-02-04,3262,774536989,14386.57
2024-02-05,67561,774604550,13676.0
2024-02-06,17180,774621730,12986.29
2024-02-07,195,774621925,12973.43
2024-02-08,769,774622694,12964.14
2024-02-09,51,774622745,12868.0
2024-02-10,837,774623582,12836.43
2024-02-11,2385,774625967,12711.14
2024-02-12,59871,774685838,11612.57
2024-02-13,15611,774701449,11388.43
2024-02-14,161,774701610,11383.57
2024-02-15,903,774702513,11402.71
2024-02-16,216,774702729,11426.29
2024-02-17,732,774703461,11411.29
2024-02-18,1350,774704811,11263.43
2024-02-19,54914,774759725,10555.29
2024-02-20,16339,774776064,10659.29
2024-02-21,201,774776265,10665.0
2024-02-22,1569,774777834,10760.14
2024-02-23,1363,774779197,10924.0
2024-02-24,726,774779923,10923.14
2024-02-25,1550,774781473,10951.71
2024-02-26,51309,774832782,10436.71
2024-02-27,15989,774848771,10386.71
2024-02-28,228,774848999,10390.57
2024-02-29,1574,774850573,10391.29
2024-03-01,828,774851401,10314.86
2024-03-02,689,774852090,10309.57
2024-03-03,1370,774853460,10283.86
2024-03-04,43232,774896692,9130.0
2024-03-05,12963,774909655,8697.71
2024-03-06,271,774909926,8703.86
2024-03-07,1554,774911480,8701.0
2024-03-08,1466,774912946,8792.14
2024-03-09,712,774913658,8795.43
2024-03-10,792,774914450,8712.86
2024-03-11,40117,774954567,8267.86
2024-03-12,12607,774967174,8217.0
2024-03-13,232,774967406,8211.43
2024-03-14,1691,774969097,8231.0
2024-03-15,1525,774970622,8239.43
2024-03-16,1027,774971649,8284.43
2024-03-17,824,774972473,8289.0
2024-03-18,37728,775010201,7947.71
2024-03-19,8773,775018974,7400.0
2024-03-20,240,775019214,7401.14
2024-03-21,1452,775020666,7367.0
2024-03-22,1028,775021694,7296.0
2024-03-23,853,775022547,7271.14
2024-03-24,742,775023289,7259.43
2024-03-25,106053,775129342,17020.14
2024-03-26,4697,775134039,16437.86
2024-03-27,105,775134144,16418.57
2024-03-28,1099,775135243,16368.14
2024-03-29,652,775135895,16314.43
2024-03-30,872,775136767,16317.14
2024-03-31,588,775137355,16295.14
2024-04-01,33713,775171068,5960.86
2024-04-02,3632,775174700,5808.71
2024-04-03,127,775174827,5811.86
2024-04-04,838,775175665,5774.57
2024-04-05,494,775176159,5752.0
2024-04-06,918,775177077,5758.57
2024-04-07,694,775177771,5773.71
2024-04-08,31845,775209616,5506.86
2024-04-09,5146,775214762,5723.14
2024-04-10,90,775214852,5717.86
2024-04-11,790,775215642,5711.0
2024-04-12,663,775216305,5735.14
2024-04-13,1023,775217328,5750.14
2024-04-14,375,775217703,5704.57
2024-04-15,26529,775244232,4945.14
2024-04-16,2254,775246486,4532.0
2024-04-17,115,775246601,4535.57
2024-04-18,913,775247514,4553.14
2024-04-19,536,775248050,4535.0
2024-04-20,1140,775249190,4551.71
2024-04-21,918,775250108,4629.29
2024-04-22,28133,775278241,4858.43
2024-04-23,2158,775280399,4844.71
2024-04-24,158,775280557,4850.86
2024-04-25,950,775281507,4856.14
2024-04-26,535,775282042,4856.0
2024-04-27,1832,775283874,4954.86
2024-04-28,1053,775284927,4974.14
2024-04-29,24631,775309558,4473.86
2024-04-30,2199,775311757,4479.71
2024-05-01,149,775311906,4478.43
2024-05-02,1069,775312975,4495.43
2024-05-03,602,775313577,4505.0
2024-05-04,1898,775315475,4514.43
2024-05-05,955,775316430,4500.43
2024-05-06,26888,775343318,4822.86
2024-05-07,2209,775345527,4824.29
2024-05-08,131,775345658,4821.71
2024-05-09,1074,775346732,4822.43
2024-05-10,775,775347507,4847.14
2024-05-11,1991,775349498,4860.43
2024-05-12,1282,775350780,4907.14
2024-05-13,30696,775381476,5451.14
2024-05-14,2619,775384095,5509.71
2024-05-15,119,775384214,5508.0
2024-05-16,896,775385110,5482.57
2024-05-17,506,775385616,5444.14
2024-05-18,2023,775387639,5448.71
2024-05-19,1462,775389101,5474.43
2024-05-20,25267,775414368,4698.86
2024-05-21,2461,775416829,4676.29
2024-05-22,145,775416974,4680.0
2024-05-23,668,775417642,4647.43
2024-05-24,380,775418022,4629.43
2024-05-25,1875,775419897,4608.29
2024-05-26,1498,775421395,4613.43
2024-05-27,28020,775449415,5006.71
2024-05-28,2296,775451711,4983.14
2024-05-29,119,775451830,4979.43
2024-05-30,419,775452249,4943.86
2024-05-31,318,775452567,4935.0
2024-06-01,1943,775454510,4944.71
2024-06-02,1903,775456413,5002.57
2024-06-03,28546,775484959,5077.71
2024-06-04,1699,775486658,4992.43
2024-06-05,92,775486750,4988.57
2024-06-06,365,775487115,4980.86
2024-06-07,292,775487407,4977.14
2024-06-08,2809,775490216,5100.86
2024-06-09,2160,775492376,5137.57
2024-06-10,28499,775520875,5130.86
2024-06-11,1823,775522698,5148.57
2024-06-12,32,775522730,5140.0
2024-06-13,257,775522987,5124.57
2024-06-14,247,775523234,5118.14
2024-06-15,2899,775526133,5131.0
2024-06-16,2980,775529113,5248.14
2024-06-17,30786,775559899,5574.86
2024-06-18,2019,775561918,5602.86
2024-06-19,12,775561930,5600.0
2024-06-20,260,775562190,5600.43
2024-06-21,196,775562386,5593.14
2024-06-22,1842,775564228,5442.14
2024-06-23,2913,775567141,5432.57
2024-06-24,37840,775604981,6440.29
2024-06-25,2270,775607251,6476.14
2024-06-26,28,775607279,6478.43
2024-06-27,405,775607684,6499.14
2024-06-28,262,775607946,6508.57
2024-06-29,3282,775611228,6714.29
2024-06-30,3888,775615116,6853.57
2024-07-01,41281,775656397,7345.14
2024-07-02,2716,775659113,7408.86
2024-07-03,22,775659135,7408.0
2024-07-04,415,775659550,7409.43
2024-07-05,350,775659900,7422.0
2024-07-06,1395,775661295,7152.43
2024-07-07,3794,775665089,7139.0
2024-07-08,41409,775706498,7157.29
2024-07-09,2700,775709198,7155.0
2024-07-10,34,775709232,7156.71
2024-07-11,579,775709811,7180.14
2024-07-12,368,775710179,7182.71
2024-07-13,1030,775711209,7130.57
2024-07-14,2915,775714124,7005.0
2024-07-15,46295,775760419,7703.0
2024-07-16,3552,775763971,7824.71
2024-07-17,9,775763980,7821.14
2024-07-18,1069,775765049,7891.14
2024-07-19,479,775765528,7907.0
2024-07-20,1070,775766598,7912.71
2024-07-21,2068,775768666,7791.71
2024-07-22,53327,775821993,8796.29
2024-07-23,3348,775825341,8767.14
2024-07-24,52,775825393,8773.29
2024-07-25,702,775826095,8720.86
2024-07-26,614,775826709,8740.14
2024-07-27,928,775827637,8719.86
2024-07-28,1562,775829199,8647.57
2024-07-29,56822,775886021,9146.86
2024-07-30,2922,775888943,9086.0
2024-07-31,9,775888952,9079.86
2024-08-01,781,775889733,9091.14
2024-08-02,666,775890399,9098.57
2024-08-03,566,775890965,9046.86
2024-08-04,1162,775892127,8989.71
2024-08-05,58944,775951071,9292.86
2024-08-06,2025,775953096,9164.71
2024-08-07,1,775953097,9163.57
2024-08-08,779,775953876,9163.29
2024-08-09,585,775954461,9151.71
2024-08-10,611,775955072,9158.14
2024-08-11,1337,775956409,9183.14
2024-08-12,58353,776014762,9098.71
2024-08-13,1875,776016637,9077.29
2024-08-14,3,776016640,9077.57
2024-08-15,596,776017236,9051.43
2024-08-16,515,776017751,9041.43
2024-08-17,438,776018189,9016.71
2024-08-18,1104,776019293,8983.43
2024-08-19,70433,776089726,10709.14
2024-08-20,1538,776091264,10661.0
2024-08-21,1,776091265,10660.71
2024-08-22,455,776091720,10640.57
2024-08-23,469,776092189,10634.0
2024-08-24,261,776092450,10608.71
2024-08-25,1114,776093564,10610.14
2024-08-26,75077,776168641,11273.57
2024-08-27,1294,776169935,11238.71
2024-08-28,1,776169936,11238.71
2024-08-29,410,776170346,11232.29
2024-08-30,3,776170349,11165.71
2024-08-31,1028,776171377,11275.29
2024-09-01,950,776172327,11251.86
2024-09-02,76547,776248874,11461.86
2024-09-03,1195,776250069,11447.71
2024-09-04,3,776250072,11448.0
2024-09-05,303,776250375,11432.71
2024-09-06,1,776250376,11432.43
2024-09-07,677,776251053,11382.29
2024-09-08,717,776251770,11349.0
2024-09-09,83221,776334991,12302.43
2024-09-10,1176,776336167,12299.71
2024-09-11,1,776336168,12299.43
2024-09-12,231,776336399,12289.14
2024-09-13,259,776336658,12326.0
2024-09-14,314,776336972,12274.14
2024-09-15,649,776337621,12264.43
2024-09-16,93260,776430881,13698.57
2024-09-17,1026,776431907,13677.14
2024-09-18,2,776431909,13677.29
2024-09-19,170,776432079,13668.57
2024-09-20,1,776432080,13631.71
2024-09-21,239,776432319,13621.0
2024-09-22,482,776432801,13597.14
2024-09-23,96708,776529509,14089.71
2024-09-24,1341,776530850,14134.71
2024-09-25,4,776530854,14135.0
2024-09-26,147,776531001,14131.71
2024-09-27,140,776531141,14151.57
2024-09-28,289,776531430,14158.71
2024-09-29,695,776532125,14189.14
2024-09-30,87290,776619415,12843.71
2024-10-01,1245,776620660,12830.0
2024-10-02,6,776620666,12830.29
2024-10-03,107,776620773,12824.57
2024-10-04,89,776620862,12817.29
2024-10-05,285,776621147,12816.71
2024-10-06,837,776621984,12837.0
2024-10-07,80411,776702395,11854.29
2024-10-08,1325,776703720,11865.71
2024-10-09,1,776703721,11865.0
2024-10-10,68,776703789,11859.43
2024-10-11,1,776703790,11846.86
2024-10-12,354,776704144,11856.71
2024-10-13,869,776705013,11861.29
2024-10-14,64888,776769901,9643.71
2024-10-15,1551,776771452,9676.0
2024-10-16,10,776771462,9677.29
2024-10-17,53,776771515,9675.14
2024-10-18,53,776771568,9682.57
2024-10-19,404,776771972,9689.71
2024-10-20,917,776772889,9696.57
2024-10-21,58025,776830914,8716.14
2024-10-22,1489,776832403,8707.29
2024-10-23,40,776832443,8711.57
2024-10-24,11,776832454,8705.57
2024-10-25,51,776832505,8705.29
2024-10-26,500,776833005,8719.0
2024-10-27,905,776833910,8717.29
2024-10-28,47259,776881169,7179.29
2024-10-29,1548,776882717,7187.71
2024-10-30,3,776882720,7182.43
2024-10-31,47,776882767,7187.57
2024-11-01,78,776882845,7191.43
2024-11-02,558,776883403,7199.71
2024-11-03,798,776884201,7184.43
2024-11-04,42679,776926880,6530.14
2024-11-05,1691,776928571,6550.57
2024-11-06,8,776928579,6551.29
2024-11-07,26,776928605,6548.29
2024-11-08,25,776928630,6540.71
2024-11-09,575,776929205,6543.14
2024-11-10,1065,776930270,6581.29
2024-11-11,43108,776973378,6642.57
2024-11-12,1744,776975122,6650.14
2024-11-13,10,776975132,6650.43
2024-11-14,34,776975166,6651.57
2024-11-15,23,776975189,6651.29
2024-11-16,513,776975702,6642.43
2024-11-17,1169,776976871,6657.29
2024-11-18,46404,777023275,7128.14
2024-11-19,1290,777024565,7063.29
2024-11-20,12,777024577,7063.57
2024-11-21,31,777024608,7063.14
2024-11-22,6,777024614,7060.71
2024-11-23,523,777025137,7062.14
2024-11-24,1252,777026389,7074.0
2024-11-25,48616,777075005,7390.0
2024-11-26,1138,777076143,7368.29
2024-11-27,9,777076152,7367.86
2024-11-28,33,777076185,7368.14
2024-11-29,24,777076209,7370.71
2024-11-30,524,777076733,7370.86
2024-12-01,1380,777078113,7389.14
2024-12-02,50901,777129014,7715.57
2024-12-03,1278,777130292,7735.57
2024-12-04,38,777130330,7739.71
2024-12-05,4,777130334,7735.57
2024-12-06,50,777130384,7739.29
2024-12-07,587,777130971,7748.29
2024-12-08,1627,777132598,7783.57
2024-12-09,50224,777182822,7686.86
2024-12-10,1313,777184135,7691.86
2024-12-11,28,777184163,7690.43
2024-12-12,43,777184206,7696.0
2024-12-13,30,777184236,7693.14
2024-12-14,740,777184976,7715.0
2024-12-15,1731,777186707,7729.86
2024-12-16,44901,777231608,6969.43
2024-12-17,995,777232603,6924.0
2024-12-18,50,777232653,6927.14
2024-12-19,7,777232660,6922.0
2024-12-20,59,777232719,6926.14
2024-12-21,870,777233589,6944.71
2024-12-22,1484,777235073,6909.43
2024-12-23,34040,777269113,5357.86
2024-12-24,718,777269831,5318.29
2024-12-25,35,777269866,5316.14
2024-12-26,2,777269868,5315.43
2024-12-27,32,777269900,5311.57
2024-12-28,5,777269905,5188.0
2024-12-29,971,777270876,5114.71
2024-12-30,23781,777294657,3649.14
2024-12-31,16551,777311208,5911.0
2025-01-01,4,777311212,5906.57
2025-01-02,65,777311277,5915.57
2025-01-03,41,777311318,5916.86
2025-01-04,4,777311322,5916.71
2025-01-05,2,777311324,5778.29
2025-01-06,24360,777335684,5861.0
2025-01-07,22875,777358559,6764.43
2025-01-08,5,777358564,6764.57
2025-01-09,58,777358622,6763.57
2025-01-10,40,777358662,6763.43
2025-01-11,7,777358669,6763.86
2025-01-12,1,777358670,6763.71
2025-01-13,20657,777379327,6234.71
2025-01-14,20359,777399686,5875.29
2025-01-15,1,777399687,5874.71
2025-01-16,1,777399688,5866.57
2025-01-17,1,777399689,5861.0
2025-01-18,1,777399690,5860.14
2025-01-19,1,777399691,5860.14
2025-01-20,16841,777416532,5315.0
2025-01-21,20025,777436557,5267.29
2025-01-22,1,777436558,5267.29
2025-01-23,1,777436559,5267.29
2025-01-24,1,777436560,5267.29
2025-01-25,32,777436592,5271.71
2025-01-26,1,777436593,5271.71
2025-01-27,15637,777452230,5099.71
2025-01-28,18880,777471110,4936.14
2025-01-29,2,777471112,4936.29
2025-01-30,5,777471117,4936.86
2025-01-31,5,777471122,4937.43
2025-02-01,1,777471123,4933.0
2025-02-02,1885,777473008,5202.14
2025-02-03,13692,777486700,4924.29
2025-02-04,21217,777507917,5258.14
2025-02-05,1,777507918,5258.0
2025-02-06,1,777507919,5257.43
2025-02-07,1,777507920,5256.86
2025-02-08,1,777507921,5256.86
2025-02-09,1,777507922,4987.71
2025-02-10,12665,777520587,4841.0
2025-02-11,27149,777547736,5688.43
2025-02-12,1,777547737,5688.43
2025-02-13,1,777547738,5688.43
2025-02-14,1,777547739,5688.43
2025-02-15,1,777547740,5688.43
2025-02-16,13,777547753,5690.14
2025-02-17,11747,777559500,5559.0
2025-02-18,25945,777585445,5387.0
2025-02-19,3667,777589112,5910.71
2025-02-20,3,777589115,5911.0
2025-02-21,2,777589117,5911.14
2025-02-22,1,777589118,5911.14
2025-02-23,1,777589119,5909.43
2025-02-24,10621,777599740,5748.57
2025-02-25,17526,777617266,4545.86
2025-02-26,2,777617268,4022.29
2025-02-27,1,777617269,4022.0
2025-02-28,1,777617270,4021.86
2025-03-01,1,777617271,4021.86
2025-03-02,1,777617272,4021.86
2025-03-03,9261,777626533,3827.57
2025-03-04,12646,777639179,3130.43
2025-03-05,2,777639181,3130.43
2025-03-06,0,777639181,3130.29
2025-03-07,2,777639183,3130.43
2025-03-08,2,777639185,3130.57
2025-03-09,0,777639185,3130.43
2025-03-10,8910,777648095,3080.29
2025-03-11,9667,777657762,2654.71
2025-03-12,1,777657763,2654.57
2025-03-13,1,777657764,2654.71
2025-03-14,1,777657765,2654.57
2025-03-15,2,777657767,2654.57
2025-03-16,1,777657768,2654.71
2025-03-17,4471,777662239,2020.57
2025-03-18,6820,777669059,1613.86
2025-03-19,1,777669060,1613.86
2025-03-20,1,777669061,1613.86
2025-03-21,1,777669062,1613.86
2025-03-22,1,777669063,1613.71
2025-03-23,1,777669064,1613.71
2025-03-24,4269,777673333,1584.86
2025-03-25,5368,777678701,1377.43
2025-03-26,2,777678703,1377.57
2025-03-27,1,777678704,1377.57
2025-03-28,0,777678704,1377.43
2025-03-29,1,777678705,1377.43
2025-03-30,1,777678706,1377.43
2025-03-31,4078,777682784,1350.14
2025-04-01,4574,777687358,1236.71
2025-04-02,0,777687358,1236.43
2025-04-03,0,777687358,1236.29
2025-04-04,3,777687361,1236.71
2025-04-05,3,777687364,1237.0
2025-04-06,1,777687365,1237.0
2025-04-07,3827,777691192,1201.14
2025-04-08,3840,777695032,1096.29
2025-04-09,1,777695033,1096.43
2025-04-10,1,777695034,1096.57
2025-04-11,1,777695035,1096.29
2025-04-12,3,777695038,1096.29
2025-04-13,1,777695039,1096.29
2025-04-14,3377,777698416,1032.0
2025-04-15,2916,777701332,900.0
2025-04-16,1,777701333,900.0
2025-04-17,1,777701334,900.0
2025-04-18,1,777701335,900.0
2025-04-19,1,777701336,899.71
2025-04-20,2,777701338,899.86
2025-04-21,3190,777704528,873.14
2025-04-22,3289,777707817,926.43
2025-04-23,1,777707818,926.43
2025-04-24,6,777707824,927.14
2025-04-25,3,777707827,927.43
2025-04-26,1,777707828,927.43
2025-04-27,0,777707828,927.14
2025-04-28,3289,777711117,941.29
2025-04-29,3184,777714301,926.29
2025-04-30,0,777714301,926.14
2025-05-01,8,777714309,926.43
2025-05-02,0,777714309,926.0
2025-05-03,4,777714313,926.43
2025-05-04,1,777714314,926.57
2025-05-05,3208,777717522,915.0
2025-05-06,3875,777721397,1013.71
2025-05-07,7,777721404,1014.71
2025-05-08,0,777721404,1013.57
2025-05-09,1,777721405,1013.71
2025-05-10,69232,777790637,10903.43
2025-05-11,0,777790637,10903.29
2025-05-12,3581,777794218,10956.57
2025-05-13,4052,777798270,10981.86
2025-05-14,0,777798270,10980.86
2025-05-15,1,777798271,10981.0
2025-05-16,0,777798271,10980.86
2025-05-17,58614,777856885,9464.0
2025-05-18,4,777856889,9464.57
2025-05-19,4074,777860963,9535.0
2025-05-20,4211,777865174,9557.71
2025-05-21,2,777865176,9558.0
2025-05-22,5,777865181,9558.57
2025-05-23,4,777865185,9559.14
2025-05-24,53618,777918803,8845.43
2025-05-25,6,777918809,8845.71
2025-05-26,5397,777924206,9034.71
2025-05-27,89689,778013895,21245.86
2025-05-28,0,778013895,21245.57
2025-05-29,0,778013895,21244.86
2025-05-30,529,778014424,21319.86
2025-05-31,688,778015112,13758.43
2025-06-01,2785,778017897,14155.43
2025-06-02,55308,778073205,21285.57
2025-06-03,11628,778084833,10134.0
2025-06-04,21381,778106214,13188.43
2025-06-05,23761,778129975,16582.86
2025-06-06,13220,778143195,18395.86
2025-06-07,13249,778156444,20190.29
2025-06-08,29450,778185894,23999.57
2025-06-09,5267,778191161,16850.86
2025-06-10,4025,778195186,15764.71
2025-06-11,187,778195373,12737.0
2025-06-12,215,778195588,9373.29
2025-06-13,376,778195964,7538.43
2025-06-14,57956,778253920,13925.14
2025-06-15,179,778254099,9743.57
2025-06-16,5412,778259511,9764.29
2025-06-17,3125,778262636,9635.71
2025-06-18,68,778262704,9618.71
2025-06-19,92,778262796,9601.14
2025-06-20,57,778262853,9555.57
2025-06-21,33859,778296712,6113.14
2025-06-22,126,778296838,6105.57
2025-06-23,5360,778302198,6098.14
2025-06-24,2881,778305079,6063.29
2025-06-25,34,778305113,6058.43
2025-06-26,29,778305142,6049.43
2025-06-27,20,778305162,6044.14
2025-06-28,24526,778329688,4710.86
2025-06-29,35,778329723,4697.86
2025-06-30,5169,778334892,4670.57
2025-07-01,3445,778338337,4751.14
2025-07-02,40,778338377,4752.0
2025-07-03,16,778338393,4750.14
2025-07-04,22,778338415,4750.43
2025-07-05,31456,778369871,5740.43
2025-07-06,21,778369892,5738.43
2025-07-07,5609,778375501,5801.29
2025-07-08,3735,778379236,5842.71
2025-07-09,80,778379316,5848.43
2025-07-10,41,778379357,5852.0
2025-07-11,20,778379377,5851.71
2025-07-12,66,778379443,1367.43
2025-07-13,122,778379565,1381.86
2025-07-14,6030,778385595,1442.0
2025-07-15,4061,778389656,1488.57
2025-07-16,31,778389687,1481.57
2025-07-17,27,778389714,1479.57
2025-07-18,14,778389728,1478.71
2025-07-19,48,778389776,1476.14
2025-07-20,12,778389788,1460.43
2025-07-21,6522,778396310,1530.71
2025-07-22,4609,778400919,1609.0
2025-07-23,25,778400944,1608.14
2025-07-24,26,778400970,1608.0
2025-07-25,13,778400983,1607.86
2025-07-26,41,778401024,1606.86
2025-07-27,12525,778413549,3394.43
2025-07-28,7432,778420981,3524.43
2025-07-29,5340,778426321,3628.86
2025-07-30,12,778426333,3627.0
2025-07-31,25,778426358,3626.86
2025-08-01,23,778426381,3628.29
2025-08-02,2273,778428654,3947.14
2025-08-03,52,778428706,2165.29
2025-08-04,9326,778438032,2435.86
2025-08-05,6808,778444840,2645.57
2025-08-06,0,778444840,2643.86
2025-08-07,12,778444852,2642.0
2025-08-08,5,778444857,2639.43
2025-08-09,1956,778446813,2594.14
2025-08-10,29,778446842,2590.86
2025-08-11,11140,778457982,2850.0
2025-08-12,9405,778467387,3221.0
2025-08-13,8,778467395,3222.14
2025-08-14,6,778467401,3221.29
2025-08-15,7,778467408,3221.57
2025-08-16,1935,778469343,3218.57
2025-08-17,4,778469347,3215.0
2025-08-18,15140,778484487,3786.43
2025-08-19,11355,778495842,4065.0
2025-08-20,5,778495847,4064.57
2025-08-21,8,778495855,4064.86
2025-08-22,14,778495869,4065.86
2025-08-23,1922,778497791,4064.0
2025-08-24,2,778497793,4063.71
2025-08-25,17993,778515786,4471.29
2025-08-26,10414,778526200,4336.86
2025-08-27,7,778526207,4337.14
2025-08-28,2,778526209,4336.29
2025-08-29,7,778526216,4335.29
2025-08-30,1318,778527534,4249.0
2025-08-31,4,778527538,4249.29
2025-09-01,22743,778550281,4927.86
2025-09-02,10524,778560805,4943.57
2025-09-03,2,778560807,4942.86
2025-09-04,3,778560810,4943.0
2025-09-05,0,778560810,4942.0
2025-09-06,8705,778569515,5997.29
2025-09-07,17,778569532,5999.14
2025-09-08,27136,778596668,6626.71
2025-09-09,10644,778607312,6643.86
2025-09-10,4,778607316,6644.14
2025-09-11,4,778607320,6644.29
2025-09-12,1,778607321,6644.43
2025-09-13,1413,778608734,5602.71
2025-09-14,2,778608736,5600.57
2025-09-15,29648,778638384,5959.43
2025-09-16,11156,778649540,6032.57
2025-09-17,1,778649541,6032.14
2025-09-18,1,778649542,6031.71
2025-09-19,0,778649542,6031.57
2025-09-20,1086,778650628,5984.86
2025-09-21,1,778650629,5984.71
2025-09-22,30025,778680654,6038.57
2025-09-23,10207,778690861,5903.0
2025-09-24,0,778690861,5902.86
2025-09-25,0,778690861,5902.71
2025-09-26,0,778690861,5902.71
2025-09-27,657,778691518,5841.43
2025-09-28,0,778691518,5841.29
2025-09-29,26822,778718340,5383.71
2025-09-30,10909,778729249,5484.0
2025-10-01,0,778729249,5484.0
2025-10-02,0,778729249,5484.0
2025-10-03,0,778729249,5484.0
2025-10-04,722,778729971,5493.29
2025-10-05,4,778729975,5493.86
2025-10-06,27288,778757263,5560.43
2025-10-07,9830,778767093,5406.29
2025-10-08,0,778767093,5406.29
2025-10-09,0,778767093,5406.29
2025-10-10,0,778767093,5406.29
2025-10-11,665,778767758,5398.14
2025-10-12,0,778767758,5397.57
2025-10-13,22463,778790221,4708.29
2025-10-14,9997,778800218,4732.14
2025-10-15,0,778800218,4732.14
2025-10-16,0,778800218,4732.14
2025-10-17,0,778800218,4732.14
2025-10-18,0,778800218,4637.14
2025-10-19,0,778800218,4637.14
2025-10-20,20086,778820304,4297.57
2025-10-21,9496,778829800,4226.0
2025-10-22,0,778829800,4226.0
2025-10-23,0,778829800,4226.0
2025-10-24,0,778829800,4226.0
2025-10-25,0,778829800,4226.0
2025-10-26,0,778829800,4226.0
2025-10-27,15402,778845202,3556.86
2025-10-28,9004,778854206,3486.57
2025-10-29,0,778854206,3486.57
2025-10-30,0,778854206,3486.57
2025-10-31,0,778854206,3486.57
2025-11-01,0,778854206,3486.57
2025-11-02,0,778854206,3486.57
2025-11-03,12917,778867123,3131.57
2025-11-04,9071,778876194,3141.14
2025-11-05,0,778876194,3141.14
2025-11-06,0,778876194,3141.14
2025-11-07,0,778876194,3141.14
2025-11-08,0,778876194,3141.14
2025-11-09,0,778876194,3141.14
2025-11-10,9782,778885976,2693.29
2025-11-11,9677,778895653,2779.86
2025-11-12,0,778895653,2779.86
2025-11-13,0,778895653,2779.86
2025-11-14,0,778895653,2779.86
2025-11-15,0,778895653,2779.86
2025-11-16,0,778895653,2779.86
2025-11-17,9007,778904660,2669.14
2025-11-18,7704,778912364,2387.29
2025-11-19,0,778912364,2387.29
2025-11-20,0,778912364,2387.29
2025-11-21,0,778912364,2387.29
2025-11-22,0,778912364,2387.29
2025-11-23,0,778912364,2387.29
2025-11-24,8846,778921210,2364.29
2025-11-25,7580,778928790,2346.57
2025-11-26,0,778928790,2346.57
2025-11-27,0,778928790,2346.57
2025-11-28,0,778928790,2346.57
2025-11-29,0,778928790,2346.57
2025-11-30,0,778928790,2346.57
2025-12-01,10080,778938870,2522.86
2025-12-02,6974,778945844,2436.29
2025-12-03,0,778945844,2436.29
2025-12-04,0,778945844,2436.29
2025-12-05,0,778945844,2436.29
2025-12-06,0,778945844,2436.29
2025-12-07,0,778945844,2436.29
2025-12-08,10199,778956043,2453.29
2025-12-09,5930,778961973,2304.14
2025-12-10,0,778961973,2304.14
2025-12-11,0,778961973,2304.14
2025-12-12,0,778961973,2304.14
2025-12-13,0,778961973,2304.14
2025-12-14,0,778961973,2304.14
2025-12-15,8937,778970910,2123.86
2025-12-16,4604,778975514,1934.43
2025-12-17,0,778975514,1934.43
2025-12-18,0,778975514,1934.43
2025-12-19,0,778975514,1934.43
2025-12-20,0,778975514,1934.43
2025-12-21,0,778975514,1934.43
2025-12-22,6701,778982215,1615.0
2025-12-23,2640,778984855,1334.43
2025-12-24,0,778984855,1334.43
2025-12-25,0,778984855,1334.43
2025-12-26,0,778984855,1334.43
2025-12-27,0,778984855,1334.43
2025-12-28,0,778984855,1334.43
2025-12-29,7140,778991995,1397.14
2025-12-30,1254,778993249,1199.14
2025-12-31,0,778993249,1199.14
