collection_date,new_cases,total_cases
2020-01-22,147,451
2020-01-23,135,586
2020-01-24,263,849
2020-01-25,473,1322
2020-01-26,706,2028
2020-01-27,778,2806
2020-01-28,1787,4593
2020-01-29,1469,6062
2020-01-30,1758,7820
2020-01-31,2002,9822
2020-02-01,2118,11940
2020-02-02,2618,14558
2020-02-03,2836,17394
2020-02-04,3243,20637
2020-02-05,3942,24579
2020-02-06,3712,28291
2020-02-07,3159,31446
2020-02-08,3401,34847
2020-02-09,2699,37546
2020-02-10,2993,40539
2020-02-11,2479,43018
2020-02-12,2030,45048
2020-02-13,15168,60216
2020-02-14,4068,64284
2020-02-15,2664,66948
2020-02-16,2040,68988
2020-02-17,2063,71051
2020-02-18,1904,72955
2020-02-19,1799,74754
2020-02-20,424,75178
2020-02-21,994,76172
2020-02-22,1068,77240
2020-02-23,990,78230
2020-02-24,516,78746
2020-02-25,798,79544
2020-02-26,845,80389
2020-02-27,1089,81478
2020-02-28,1202,82680
2020-02-29,1816,84496
2020-03-01,2002,86498
2020-03-02,1944,88442
2020-03-03,1788,90230
2020-03-04,2219,92449
2020-03-05,2165,94614
2020-03-06,2491,97105
2020-03-07,3244,100349
2020-03-08,6350,106699
2020-03-09,3272,109971
2020-03-10,3861,113832
2020-03-11,3929,117761
2020-03-12,6004,123765
2020-03-13,6735,130500
2020-03-14,7328,137828
2020-03-15,29308,167136
2020-03-16,8569,175705
2020-03-17,10349,186054
2020-03-18,11530,197584
2020-03-19,14171,211755
2020-03-20,17032,228787
2020-03-21,20487,249274
2020-03-22,89130,338404
2020-03-23,22444,360848
2020-03-24,26536,387384
2020-03-25,30003,417387
2020-03-26,31274,448661
2020-03-27,37991,486652
2020-03-28,44649,531301
2020-03-29,158473,689774
2020-03-30,43204,732978
2020-03-31,49018,781863
2020-04-01,43898,825761
2020-04-02,52032,877793
2020-04-03,58901,936694
2020-04-04,60785,997479
2020-04-05,158397,1155876
2020-04-06,59771,1215647
2020-04-07,54651,1270298
2020-04-08,60368,1330666
2020-04-09,63571,1394237
2020-04-10,69610,1463847
2020-04-11,72686,1536533
2020-04-12,143412,1679945
2020-04-13,64312,1744257
2020-04-14,57658,1801915
2020-04-15,57141,1859027
2020-04-16,62461,1921488
2020-04-17,67012,1988500
2020-04-18,73957,2062457
2020-04-19,124254,2186711
2020-04-20,66360,2253071
2020-04-21,64586,2317657
2020-04-22,65251,2382908
2020-04-23,66868,2449776
2020-04-24,72469,2522245
2020-04-25,89145,2611390
2020-04-26,115307,2726697
2020-04-27,76030,2802727
2020-04-28,65238,2867965
2020-04-29,65101,2933066
2020-04-30,70626,3003692
2020-05-01,75957,3079649
2020-05-02,83731,3163380
2020-05-03,108743,3272123
2020-05-04,77573,3349696
2020-05-05,76371,3426067
2020-05-06,72591,3498658
2020-05-07,77516,3573713
2020-05-08,84826,3658539
2020-05-09,88969,3746028
2020-05-10,107323,3853351
2020-05-11,85706,3939057
2020-05-12,70334,4009341
2020-05-13,75931,4085272
2020-05-14,82894,4168146
2020-05-15,83845,4251991
2020-05-16,98815,4350806
2020-05-17,112741,4463547
2020-05-18,93696,4557243
2020-05-19,76644,4633887
2020-05-20,91701,4725588
2020-05-21,100232,4825820
2020-05-22,105370,4931190
2020-05-23,103881,5035071
2020-05-24,124858,5159929
2020-05-25,95475,5255404
2020-05-26,91086,5346490
2020-05-27,87109,5433599
2020-05-28,96445,5530044
2020-05-29,105497,5635541
2020-05-30,117841,5753382
2020-05-31,135117,5888499
2020-06-01,125084,6013583
2020-06-02,107112,6120695
2020-06-03,96780,6217475
2020-06-04,121579,6339054
2020-06-05,124006,6463060
2020-06-06,124543,6587602
2020-06-07,144801,6732403
2020-06-08,123249,6855652
2020-06-09,107746,6963398
2020-06-10,106507,7069905
2020-06-11,128974,7198879
2020-06-12,138097,7336976
2020-06-13,139072,7476048
2020-06-14,157714,7633762
2020-06-15,130201,7763963
2020-06-16,116521,7880484
2020-06-17,120729,8001213
2020-06-18,179421,8180634
2020-06-19,144450,8325084
2020-06-20,140018,8465102
2020-06-21,197644,8662746
2020-06-22,152308,8815054
2020-06-23,128045,8943099
2020-06-24,138244,9081343
2020-06-25,170081,9251424
2020-06-26,176536,9427960
2020-06-27,182223,9610182
2020-06-28,209013,9819195
2020-06-29,175516,9994711
2020-06-30,155773,10150484
2020-07-01,166706,10317190
2020-07-02,181036,10498226
2020-07-03,208023,10706249
2020-07-04,210685,10916934
2020-07-05,229608,11146542
2020-07-06,187945,11334487
2020-07-07,164242,11498729
2020-07-08,172968,11671697
2020-07-09,210702,11882399
2020-07-10,222028,12104427
2020-07-11,218570,12322997
2020-07-12,250396,12573393
2020-07-13,215359,12788752
2020-07-14,190628,12979380
2020-07-15,188729,13168109
2020-07-16,227124,13395233
2020-07-17,239778,13635011
2020-07-18,241803,13876814
2020-07-19,269265,14146079
2020-07-20,226068,14372147
2020-07-21,200910,14573057
2020-07-22,204804,14777861
2020-07-23,243383,15021244
2020-07-24,285219,15306463
2020-07-25,277084,15583547
2020-07-26,303821,15887368
2020-07-27,247703,16135071
2020-07-28,211206,16346277
2020-07-29,223059,16569336
2020-07-30,254496,16823832
2020-07-31,293862,17117694
2020-08-01,283541,17401235
2020-08-02,324754,17725989
2020-08-03,249017,17975006
2020-08-04,218114,18193120
2020-08-05,212305,18405425
2020-08-06,263309,18668734
2020-08-07,281889,18950623
2020-08-08,272656,19223279
2020-08-09,340747,19564026
2020-08-10,253516,19817542
2020-08-11,212304,20029846
2020-08-12,220898,20250744
2020-08-13,280312,20531056
2020-08-14,279096,20810152
2020-08-15,284273,21094425
2020-08-16,354499,21448924
2020-08-17,241475,21690399
2020-08-18,210777,21901176
2020-08-19,220334,22121510
2020-08-20,264466,22385976
2020-08-21,271798,22657774
2020-08-22,262817,22920591
2020-08-23,351479,23272070
2020-08-24,245238,23517308
2020-08-25,210744,23728052
2020-08-26,217709,23945761
2020-08-27,267255,24213016
2020-08-28,271846,24484862
2020-08-29,267702,24752564
2020-08-30,394215,25146779
2020-08-31,256751,25403530
2020-09-01,209583,25613113
2020-09-02,254567,25867680
2020-09-03,266126,26133806
2020-09-04,277886,26411692
2020-09-05,277270,26688962
2020-09-06,442284,27131246
2020-09-07,255752,27378737
2020-09-08,214376,27593113
2020-09-09,221256,27814369
2020-09-10,246495,28060864
2020-09-11,276331,28337195
2020-09-12,282947,28620142
2020-09-13,467097,29087239
2020-09-14,264279,29351518
2020-09-15,228991,29580509
2020-09-16,244954,29825463
2020-09-17,278106,30103569
2020-09-18,291842,30395411
2020-09-19,286413,30681824
2020-09-20,501156,31182980
2020-09-21,264915,31447895
2020-09-22,225803,31673698
2020-09-23,251940,31925638
2020-09-24,291305,32216943
2020-09-25,286577,32503520
2020-09-26,286993,32790513
2020-09-27,496166,33286679
2020-09-28,263426,33550105
2020-09-29,223931,33774036
2020-09-30,253886,34027922
2020-10-01,290593,34318515
2020-10-02,298043,34616558
2020-10-03,294188,34910746
2020-10-04,508808,35419554
2020-10-05,272957,35692511
2020-10-06,229823,35922334
2020-10-07,272196,36194525
2020-10-08,321252,36515776
2020-10-09,314108,36829884
2020-10-10,320238,37150122
2020-10-11,634315,37784437
2020-10-12,284827,38069264
2020-10-13,253371,38322635
2020-10-14,292388,38615023
2020-10-15,314297,38929320
2020-10-16,339222,39268541
2020-10-17,341037,39609578
2020-10-18,772962,40382540
2020-10-19,303580,40686120
2020-10-20,273645,40959765
2020-10-21,342730,41302495
2020-10-22,370939,41673434
2020-10-23,386150,42059584
2020-10-24,391423,42451007
2020-10-25,1022303,43473310
2020-10-26,352021,43825331
2020-10-27,303870,44129201
2020-10-28,385701,44514902
2020-10-29,417499,44932401
2020-10-30,428492,45360893
2020-10-31,437224,45798117
2020-11-01,1201547,46999664
2020-11-02,379752,47379416
2020-11-03,406820,47786236
2020-11-04,413829,48200065
2020-11-05,447972,48648037
2020-11-06,482035,49130072
2020-11-07,490015,49620087
2020-11-08,1237024,50857111
2020-11-09,441125,51298236
2020-11-10,396106,51694342
2020-11-11,465225,52159567
2020-11-12,512680,52672247
2020-11-13,544349,53216596
2020-11-14,537604,53754200
2020-11-15,1152026,54906226
2020-11-16,478280,55384506
2020-11-17,420211,55804717
2020-11-18,473072,56277789
2020-11-19,537894,56815683
2020-11-20,544408,57360091
2020-11-21,552670,57912761
2020-11-22,1104097,59016858
2020-11-23,483692,59500550
2020-11-24,427111,59927661
2020-11-25,482379,60410040
2020-11-26,527370,60937410
2020-11-27,584198,61521608
2020-11-28,517623,62039231
2020-11-29,999639,63038870
2020-11-30,473479,63512349
2020-12-01,433213,63945562
2020-12-02,482751,64428313
2020-12-03,570463,64998776
2020-12-04,594921,65593697
2020-12-05,597492,66191189
2020-12-06,1048340,67239529
2020-12-07,517256,67756785
2020-12-08,464342,68221127
2020-12-09,514331,68735458
2020-12-10,602013,69337471
2020-12-11,599907,69937378
2020-12-12,585118,70522496
2020-12-13,1111357,71633853
2020-12-14,525364,72159217
2020-12-15,465681,72624898
2020-12-16,544973,73169871
2020-12-17,574310,73744181
2020-12-18,641986,74386167
2020-12-19,643255,75029422
2020-12-20,1146730,76176152
2020-12-21,519457,76695609
2020-12-22,477276,77172885
2020-12-23,526362,77699247
2020-12-24,592422,78291669
2020-12-25,586634,78878303
2020-12-26,544266,79422569
2020-12-27,871395,80293964
2020-12-28,406866,80700830
2020-12-29,445595,81146425
2020-12-30,513461,81659886
2020-12-31,652693,82312579
2021-01-01,660926,82973505
2021-01-02,590642,83564147
2021-01-03,976289,84540436
2021-01-04,517437,85057873
2021-01-05,522302,85580175
2021-01-06,570358,86150533
2021-01-07,685002,86835535
2021-01-08,694412,87529947
2021-01-09,718622,88248569
2021-01-10,1298253,89546822
2021-01-11,608938,90155760
2021-01-12,541013,90696773
2021-01-13,564455,91261228
2021-01-14,628047,91889275
2021-01-15,622730,92512005
2021-01-16,616200,93128205
2021-01-17,1270390,94398595
2021-01-18,531390,94929985
2021-01-19,469186,95399171
2021-01-20,472398,95871569
2021-01-21,516608,96388177
2021-01-22,553866,96942043
2021-01-23,527235,97469278
2021-01-24,1154857,98624135
2021-01-25,452777,99076912
2021-01-26,380168,99457080
2021-01-27,421979,99879059
2021-01-28,476128,100355187
2021-01-29,493716,100848903
2021-01-30,474444,101323347
2021-01-31,1035153,102358500
2021-02-01,397361,102755861
2021-02-02,330966,103086827
2021-02-03,373863,103460690
2021-02-04,414639,103875329
2021-02-05,401555,104276884
2021-02-06,411362,104688246
2021-02-07,834344,105522590
2021-02-08,340192,105862782
2021-02-09,293979,106156761
2021-02-10,308923,106465684
2021-02-11,354140,106819824
2021-02-12,372843,107192667
2021-02-13,366687,107559354
2021-02-14,682733,108242087
2021-02-15,291063,108533150
2021-02-16,257429,108790579
2021-02-17,289088,109079667
2021-02-18,319181,109398848
2021-02-19,332673,109731521
2021-02-20,331702,110063223
2021-02-21,652098,110715321
2021-02-22,301587,111016908
2021-02-23,266459,111283367
2021-02-24,297461,111580828
2021-02-25,362073,111942901
2021-02-26,370333,112313234
2021-02-27,367218,112680452
2021-02-28,695628,113376080
2021-03-01,313641,113689721
2021-03-02,269829,113959550
2021-03-03,311577,114271127
2021-03-04,357633,114628760
2021-03-05,377313,115006073
2021-03-06,375113,115381186
2021-03-07,730161,116111347
2021-03-08,319921,116431268
2021-03-09,322181,116753449
2021-03-10,311916,117065365
2021-03-11,385424,117450789
2021-03-12,404860,117855649
2021-03-13,404840,118260489
2021-03-14,811732,119072221
2021-03-15,349616,119421837
2021-03-16,311479,119733316
2021-03-17,350088,120083404
2021-03-18,442460,120525864
2021-03-19,459408,120985272
2021-03-20,460772,121446044
2021-03-21,951889,122397933
2021-03-22,408847,122806780
2021-03-23,361215,123167995
2021-03-24,412527,123580522
2021-03-25,494897,124075419
2021-03-26,521558,124596977
2021-03-27,518721,125115698
2021-03-28,1112190,126227888
2021-03-29,465390,126693278
2021-03-30,405149,127098427
2021-03-31,442737,127541164
2021-04-01,538217,128079381
2021-04-02,558995,128638376
2021-04-03,567320,129205696
2021-04-04,1134209,130339905
2021-04-05,467969,130807874
2021-04-06,426632,131234506
2021-04-07,485551,131720057
2021-04-08,622735,132342792
2021-04-09,657973,133000765
2021-04-10,651027,133651792
2021-04-11,1246368,134898160
2021-04-12,607775,135505935
2021-04-13,548097,136054032
2021-04-14,608949,136662981
2021-04-15,707942,137370923
2021-04-16,708645,138079568
2021-04-17,717477,138797045
2021-04-18,1333576,140130621
2021-04-19,707578,140838199
2021-04-20,639135,141477334
2021-04-21,679096,142156430
2021-04-22,783895,142940325
2021-04-23,800613,143740938
2021-04-24,762772,144503710
2021-04-25,1322599,145826309
2021-04-26,734649,146560958
2021-04-27,648580,147209538
2021-04-28,693518,147903056
2021-04-29,795050,148698106
2021-04-30,805015,149503113
2021-05-01,789236,150292349
2021-05-02,1227707,151520056
2021-05-03,710384,152230440
2021-05-04,638297,152868737
2021-05-05,680136,153548873
2021-05-06,776952,154325825
2021-05-07,784827,155110652
2021-05-08,757887,155868539
2021-05-09,1115821,156984360
2021-05-10,673336,157657696
2021-05-11,606744,158264440
2021-05-12,609816,158874256
2021-05-13,696520,159570776
2021-05-14,675552,160246328
2021-05-15,642029,160888357
2021-05-16,907808,161796165
2021-05-17,587812,162383977
2021-05-18,523807,162907784
2021-05-19,530790,163438574
2021-05-20,604540,164043114
2021-05-21,598453,164641567
2021-05-22,585494,165227061
2021-05-23,785462,166011648
2021-05-24,506899,166518547
2021-05-25,432270,166950817
2021-05-26,465856,167416673
2021-05-27,534396,167951069
2021-05-28,518566,168469635
2021-05-29,475513,168945148
2021-05-30,613751,169558899
2021-05-31,446119,170005018
2021-06-01,372414,170377432
2021-06-02,374525,170751957
2021-06-03,436382,171188339
2021-06-04,454024,171642363
2021-06-05,420242,172062605
2021-06-06,502032,172564637
2021-06-07,367172,172931809
2021-06-08,313537,173245346
2021-06-09,330850,173576196
2021-06-10,363831,173940027
2021-06-11,409330,174349357
2021-06-12,391459,174740816
2021-06-13,471530,175212346
2021-06-14,355519,175567865
2021-06-15,299219,175867084
2021-06-16,305611,176172695
2021-06-17,374226,176546921
2021-06-18,398859,176945780
2021-06-19,365229,177311009
2021-06-20,438110,177749119
2021-06-21,339076,178088195
2021-06-22,301339,178389534
2021-06-23,316418,178705952
2021-06-24,404093,179110045
2021-06-25,429330,179539375
2021-06-26,386697,179926072
2021-06-27,454781,180380853
2021-06-28,362322,180743175
2021-06-29,319338,181062513
2021-06-30,341747,181404260
2021-07-01,405064,181809324
2021-07-02,386615,182195939
2021-07-03,409941,182605880
2021-07-04,534964,183140844
2021-07-05,372403,183513247
2021-07-06,338388,183851635
2021-07-07,373605,184225240
2021-07-08,455733,184680973
2021-07-09,452137,185133110
2021-07-10,600152,185733262
2021-07-11,693495,186426757
2021-07-12,409709,186836466
2021-07-13,383602,187220068
2021-07-14,441782,187661850
2021-07-15,497135,188158985
2021-07-16,518913,188677898
2021-07-17,513328,189191226
2021-07-18,842324,190033550
2021-07-19,425639,190459189
2021-07-20,410363,190869552
2021-07-21,452661,191322213
2021-07-22,477179,191799392
2021-07-23,504620,192304012
2021-07-24,514356,192818368
2021-07-25,971857,193790225
2021-07-26,454475,194244700
2021-07-27,440838,194685538
2021-07-28,533089,195218627
2021-07-29,589875,195808502
2021-07-30,595914,196404416
2021-07-31,579865,196984281
2021-08-01,949411,197933692
2021-08-02,499377,198433069
2021-08-03,485143,198918212
2021-08-04,570906,199489118
2021-08-05,612371,200101489
2021-08-06,668694,200770183
2021-08-07,625151,201395334
2021-08-08,959204,202354538
2021-08-09,551977,202906515
2021-08-10,506946,203413461
2021-08-11,563949,203977410
2021-08-12,631634,204609044
2021-08-13,654044,205263088
2021-08-14,654116,205917204
2021-08-15,956273,206873477
2021-08-16,549309,207422786
2021-08-17,519447,207942233
2021-08-18,580602,208522835
2021-08-19,679543,209202378
2021-08-20,670727,209873105
2021-08-21,651424,210524529
2021-08-22,946777,211471306
2021-08-23,531991,212003297
2021-08-24,521238,212524535
2021-08-25,588167,213112702
2021-08-26,660237,213772939
2021-08-27,660160,214433099
2021-08-28,664378,215097477
2021-08-29,941282,216038759
2021-08-30,539085,216577844
2021-08-31,488237,217066081
2021-09-01,551852,217617933
2021-09-02,634615,218252548
2021-09-03,647118,218899666
2021-09-04,622015,219521681
2021-09-05,875085,220396766
2021-09-06,503375,220900141
2021-09-07,476345,221376486
2021-09-08,512520,221889006
2021-09-09,517295,222406301
2021-09-10,552698,222958999
2021-09-11,583560,223542559
2021-09-12,783960,224326519
2021-09-13,464454,224790973
2021-09-14,440196,225231169
2021-09-15,476181,225707350
2021-09-16,527234,226234584
2021-09-17,516306,226750890
2021-09-18,535056,227285946
2021-09-19,725243,228011189
2021-09-20,558604,228569793
2021-09-21,401460,228971253
2021-09-22,431317,229402570
2021-09-23,470977,229872974
2021-09-24,495583,230368557
2021-09-25,477032,230845589
2021-09-26,672585,231518174
2021-09-27,379561,231897735
2021-09-28,344731,232242466
2021-09-29,417351,232659817
2021-09-30,441036,233100853
2021-10-01,440487,233541340
2021-10-02,439421,233980761
2021-10-03,647638,234628399
2021-10-04,336459,234964858
2021-10-05,323435,235288293
2021-10-06,390102,235678395
2021-10-07,417151,236095546
2021-10-08,424222,236519768
2021-10-09,403638,236923406
2021-10-10,661876,237585282
2021-10-11,322297,237907579
2021-10-12,312040,238219566
2021-10-13,375459,238595025
2021-10-14,392463,238987488
2021-10-15,391667,239379155
2021-10-16,399990,239779145
2021-10-17,689547,240468692
2021-10-18,314306,240782998
2021-10-19,308782,241091780
2021-10-20,383310,241475090
2021-10-21,401424,241876514
2021-10-22,401508,242278022
2021-10-23,394034,242672056
2021-10-24,802967,243475023
2021-10-25,296224,243771247
2021-10-26,280007,244051254
2021-10-27,393694,244444948
2021-10-28,421518,244866466
2021-10-29,408460,245274926
2021-10-30,430368,245705294
2021-10-31,897465,246602759
2021-11-01,294860,246897619
2021-11-02,286316,247183935
2021-11-03,412082,247596017
2021-11-04,393698,247989715
2021-11-05,405776,248395491
2021-11-06,401984,248797475
2021-11-07,985477,249782952
2021-11-08,305907,250088859
2021-11-09,304787,250393646
2021-11-10,450458,250844104
2021-11-11,426555,251270659
2021-11-12,425300,251695959
2021-11-13,387344,252083303
2021-11-14,1177548,253260851
2021-11-15,351489,253612340
2021-11-16,314077,253926417
2021-11-17,485814,254412231
2021-11-18,449610,254861841
2021-11-19,456073,255317914
2021-11-20,467898,255785812
2021-11-21,1338351,257124163
2021-11-22,342114,257466277
2021-11-23,359595,257825872
2021-11-24,537569,258363441
2021-11-25,473332,258836773
2021-11-26,488805,259325578
2021-11-27,422607,259748185
2021-11-28,1423207,261171392
2021-11-29,350539,261521931
2021-11-30,354267,261876198
2021-12-01,466013,262342211
2021-12-02,502495,262844706
2021-12-03,514135,263358841
2021-12-04,504641,263863482
2021-12-05,1581190,265444672
2021-12-06,360845,265805517
2021-12-07,355866,266161383
2021-12-08,556399,266717782
2021-12-09,507343,267225125
2021-12-10,501855,267726980
2021-12-11,494614,268221594
2021-12-12,1537006,269758600
2021-12-13,376286,270134886
2021-12-14,373009,270507895
2021-12-15,583810,271091705
2021-12-16,562588,271654293
2021-12-17,575820,272230113
2021-12-18,572056,272802169
2021-12-19,1659077,274461246
2021-12-20,422346,274883592
2021-12-21,455752,275339344
2021-12-22,721597,276060941
2021-12-23,704175,276765116
2021-12-24,757623,277522739
2021-12-25,775569,278298308
2021-12-26,2251495,280549803
2021-12-27,475565,281025368
2021-12-28,683453,281708821
2021-12-29,1165008,282873829
2021-12-30,1155817,284029646
2021-12-31,1348260,285377906
2022-01-01,1428461,286806367
2022-01-02,4204296,291010663
2022-01-03,909747,291920410
2022-01-04,1183782,293104192
2022-01-05,2007023,295111215
2022-01-06,2044717,297155932
2022-01-07,2017800,299173732
2022-01-08,1989842,301163574
2022-01-09,6439660,307603234
2022-01-10,1639500,309242734
2022-01-11,1648855,310891589
2022-01-12,2788105,313679694
2022-01-13,2394446,316074140
2022-01-14,2496725,318570865
2022-01-15,2494893,321065758
2022-01-16,7196825,328262583
2022-01-17,1923050,330185633
2022-01-18,1817526,332003159
2022-01-19,2860880,334864039
2022-01-20,2861687,337725726
2022-01-21,2917078,340642804
2022-01-22,2814094,343456898
2022-01-23,8346273,351803171
2022-01-24,2086977,353890148
2022-01-25,2060088,355950236
2022-01-26,3012584,358962820
2022-01-27,2614114,361576934
2022-01-28,2657873,364234807
2022-01-29,2590473,366825280
2022-01-30,8401906,375227186
2022-01-31,1927297,377154483
2022-02-01,1746807,378901290
2022-02-02,2454119,381355409
2022-02-03,2292826,383648173
2022-02-04,2183421,385831594
2022-02-05,2245319,388076913
2022-02-06,7078197,395155110
2022-02-07,1596537,396751647
2022-02-08,1488310,398239957
2022-02-09,1954443,400194400
2022-02-10,1918777,402113177
2022-02-11,1813681,403926858
2022-02-12,1672893,405599751
2022-02-13,5467047,411066798
2022-02-14,1281711,412348509
2022-02-15,1253681,413602190
2022-02-16,1552728,415154918
2022-02-17,1547415,416702333
2022-02-18,1516491,418218824
2022-02-19,1432288,419650915
2022-02-20,4287329,423938244
2022-02-21,1095683,425033927
2022-02-22,1174004,426207931
2022-02-23,1332958,427540889
2022-02-24,1376715,428917604
2022-02-25,1343055,430260659
2022-02-26,1253461,431514120
2022-02-27,3473876,434987996
2022-02-28,1097208,436085204
2022-03-01,1072761,437157965
2022-03-02,1246188,438404153
2022-03-03,1321479,439725632
2022-03-04,1246552,440972184
2022-03-05,1234687,442206871
2022-03-06,3681296,445888167
2022-03-07,963726,446851893
2022-03-08,1190476,448042369
2022-03-09,1356669,449399038
2022-03-10,1282157,450681195
2022-03-11,1327288,452008483
2022-03-12,1539409,453547892
2022-03-13,4145714,457693606
2022-03-14,1156638,458850244
2022-03-15,1149739,459999983
2022-03-16,1616552,461616535
2022-03-17,1481246,463097781
2022-03-18,1288007,464385788
2022-03-19,1432555,465818343
2022-03-20,4253673,470071914
2022-03-21,982331,471054245
2022-03-22,1220969,472275214
2022-03-23,1181867,473457081
2022-03-24,1113866,474570947
2022-03-25,1134695,475705642
2022-03-26,1062156,476767798
2022-03-27,4302355,481070153
2022-03-28,1015044,482085197
2022-03-29,992187,483077384
2022-03-30,970263,484047647
2022-03-31,918890,484966537
2022-04-01,889121,485855658
2022-04-02,783638,486639296
2022-04-03,3799974,490439270
2022-04-04,638052,491077322
2022-04-05,677824,491755146
2022-04-06,726781,492481927
2022-04-07,750321,493232248
2022-04-08,685155,493917355
2022-04-09,595721,494513076
2022-04-10,3126323,497639399
2022-04-11,558850,498198249
2022-04-12,500155,498698404
2022-04-13,571888,499270292
2022-04-14,463077,499733369
2022-04-15,603429,500336798
2022-04-16,468410,500805208
2022-04-17,2531959,503337167
2022-04-18,405380,503742547
2022-04-19,331436,504073983
2022-04-20,390164,504464147
2022-04-21,502357,504966504
2022-04-22,477577,505444081
2022-04-23,403751,505847832
2022-04-24,2192552,508040384
2022-04-25,317833,508358217
2022-04-26,332258,508690475
2022-04-27,352723,509043198
2022-04-28,428274,509471472
2022-04-29,387235,509858707
2022-04-30,335918,510194625
2022-05-01,1844629,512039254
2022-05-02,263517,512302771
2022-05-03,245409,512548180
2022-05-04,326698,512874878
2022-05-05,346233,513221111
2022-05-06,366715,513587826
2022-05-07,375760,513963586
2022-05-08,1694765,515658351
2022-05-09,282341,515940692
2022-05-10,282568,516223260
2022-05-11,414791,516638051
2022-05-12,423444,517061495
2022-05-13,434275,517495770
2022-05-14,386125,517881823
2022-05-15,1740705,519622528
2022-05-16,278085,519900613
2022-05-17,270175,520170788
2022-05-18,431298,520602086
2022-05-19,452394,521054480
2022-05-20,435511,521489991
2022-05-21,380722,521870713
2022-05-22,1533903,523404616
2022-05-23,252692,523657308
2022-05-24,276933,523934241
2022-05-25,380959,524315200
2022-05-26,417368,524732568
2022-05-27,404259,525136827
2022-05-28,374224,525511051
2022-05-29,1280454,526791505
2022-05-30,241593,527033098
2022-05-31,232025,527265123
2022-06-01,309045,527574168
2022-06-02,430191,528004359
2022-06-03,392226,528396585
2022-06-04,332477,528729062
2022-06-05,1321444,530050506
2022-06-06,216397,530266903
2022-06-07,243781,530510684
2022-06-08,382514,530893198
2022-06-09,448040,531341238
2022-06-10,416775,531758013
2022-06-11,404903,532162916
2022-06-12,1410697,533573613
2022-06-13,229760,533803327
2022-06-14,242192,534045519
2022-06-15,390539,534436058
2022-06-16,422085,534858143
2022-06-17,457440,535315583
2022-06-18,409738,535725321
2022-06-19,1618713,537344034
2022-06-20,256293,537600327
2022-06-21,257300,537857627
2022-06-22,410469,538268096
2022-06-23,527273,538795369
2022-06-24,511335,539306704
2022-06-25,505790,539812494
2022-06-26,2123462,541935956
2022-06-27,326018,542261974
2022-06-28,311382,542573356
2022-06-29,485660,543059016
2022-06-30,621371,543680387
2022-07-01,590259,544270646
2022-07-02,609178,544879824
2022-07-03,2337563,547217387
2022-07-04,635566,547852953
2022-07-05,335760,548188713
2022-07-06,569969,548758682
2022-07-07,679896,549438578
2022-07-08,683830,550122408
2022-07-09,693921,550816329
2022-07-10,2742615,553558944
2022-07-11,742489,554301433
2022-07-12,421890,554723323
2022-07-13,725224,555448547
2022-07-14,778210,556226757
2022-07-15,772831,556999588
2022-07-16,794863,557794451
2022-07-17,2742636,560537087
2022-07-18,835784,561372871
2022-07-19,463175,561836046
2022-07-20,732600,562568646
2022-07-21,811025,563379671
2022-07-22,831758,564211429
2022-07-23,864318,565075747
2022-07-24,2634611,567710358
2022-07-25,914147,568624505
2022-07-26,555914,569180419
2022-07-27,796960,569977379
2022-07-28,831343,570808722
2022-07-29,849646,571658368
2022-07-30,856321,572514689
2022-07-31,2400018,574914707
2022-08-01,794962,575709669
2022-08-02,539224,576248893
2022-08-03,782930,577031823
2022-08-04,822649,577854472
2022-08-05,1225361,579079833
2022-08-06,823825,579903658
2022-08-07,1956184,581859842
2022-08-08,707937,582567779
2022-08-09,535873,583103652
2022-08-10,739024,583842676
2022-08-11,777771,584620447
2022-08-12,796069,585416516
2022-08-13,751356,586167872
2022-08-14,1444356,587612228
2022-08-15,612933,588225161
2022-08-16,424377,588649538
2022-08-17,687466,589337004
2022-08-18,775278,590112282
2022-08-19,776032,590888314
2022-08-20,779411,591667725
2022-08-21,1330494,592998219
2022-08-22,595684,593593903
2022-08-23,527653,594121556
2022-08-24,651632,594773188
2022-08-25,708930,595482118
2022-08-26,700129,596182247
2022-08-27,641128,596823375
2022-08-28,940462,597763837
2022-08-29,651222,598415059
2022-08-30,416560,598831619
2022-08-31,552336,599383955
2022-09-01,593895,599977850
2022-09-02,586821,600564671
2022-09-03,542714,601107385
2022-09-04,946136,602053521
2022-09-05,395749,602449270
2022-09-06,356494,602805764
2022-09-07,406097,603211861
2022-09-08,531489,603743350
2022-09-09,473157,604216507
2022-09-10,351030,604567537
2022-09-11,755267,605322804
2022-09-12,536187,605858991
2022-09-13,289122,606148113
2022-09-14,450789,606598902
2022-09-15,446109,607045011
2022-09-16,445016,607490027
2022-09-17,367806,607857833
2022-09-18,860675,608718508
2022-09-19,449122,609167630
2022-09-20,262319,609429949
2022-09-21,359639,609789588
2022-09-22,335890,610125478
2022-09-23,397275,610522753
2022-09-24,409091,610931844
2022-09-25,1004957,611936801
2022-09-26,268309,612205110
2022-09-27,259083,612464193
2022-09-28,301466,612765659
2022-09-29,359719,613125378
2022-09-30,362454,613487832
2022-10-01,423611,613911443
2022-10-02,1256094,615167537
2022-10-03,218191,615385728
2022-10-04,186861,615572589
2022-10-05,341005,615913594
2022-10-06,330105,616243699
2022-10-07,326074,616569773
2022-10-08,376731,616946504
2022-10-09,1439598,618386102
2022-10-10,216236,618602338
2022-10-11,185537,618787875
2022-10-12,323178,619111053
2022-10-13,322559,619433612
2022-10-14,321450,619755062
2022-10-15,329812,620084874
2022-10-16,1476777,621561651
2022-10-17,215951,621777602
2022-10-18,198743,621976345
2022-10-19,311635,622287980
2022-10-20,283157,622571137
2022-10-21,226148,622797285
2022-10-22,423540,623220825
2022-10-23,1238438,624459263
2022-10-24,175259,624634522
2022-10-25,190074,624824596
2022-10-26,257054,625081650
2022-10-27,231005,625312655
2022-10-28,474683,625787338
2022-10-29,282911,626070249
2022-10-30,923417,626993666
2022-10-31,175439,627169105
2022-11-01,207398,627376503
2022-11-02,260392,627636895
2022-11-03,225131,627861932
2022-11-04,482769,628344701
2022-11-05,256623,628601324
2022-11-06,726913,629328237
2022-11-07,193735,629521972
2022-11-08,248400,629770372
2022-11-09,190489,629960861
2022-11-10,270956,630231817
2022-11-11,542141,630773958
2022-11-12,344012,631117970
2022-11-13,699423,631817393
2022-11-14,226898,632044291
2022-11-15,280643,632324185
2022-11-16,309667,632633852
2022-11-17,274327,632908179
2022-11-18,463926,633372105
2022-11-19,384451,633756556
2022-11-20,742871,634499427
2022-11-21,250603,634750030
2022-11-22,278285,635028315
2022-11-23,354404,635382719
2022-11-24,257272,635639991
2022-11-25,505334,636145325
2022-11-26,453771,636599096
2022-11-27,877943,637477039
2022-11-28,263872,637740911
2022-11-29,305749,638046660
2022-11-30,358261,638404921
2022-12-01,346684,638751605
2022-12-02,639608,639391213
2022-12-03,335306,639726519
2022-12-04,987527,640714046
2022-12-05,301977,641016023
2022-12-06,307207,641323230
2022-12-07,387611,641710841
2022-12-08,422872,642133713
2022-12-09,832899,642966612
2022-12-10,798192,643764804
2022-12-11,1564400,645329204
2022-12-12,1070966,646400170
2022-12-13,1228364,647628534
2022-12-14,1478662,649107196
2022-12-15,1564016,650671212
2022-12-16,2667065,653338277
2022-12-17,2696967,656035244
2022-12-18,4271457,660306701
2022-12-19,4364831,664671532
2022-12-20,5444146,670115678
2022-12-21,6336738,676452416
2022-12-22,6843175,683295591
2022-12-23,7852908,691148499
2022-12-24,6727748,697876247
2022-12-25,6666659,704542906
2022-12-26,4942856,709485762
2022-12-27,4866848,714352610
2022-12-28,4812477,719165087
2022-12-29,3730492,722895579
2022-12-30,3708597,726604176
2022-12-31,2783467,729387643
2023-01-01,2887955,732275598
2023-01-02,1837591,734113189
2023-01-03,1470316,735583505
2023-01-04,1633605,737217110
2023-01-05,1508037,738725147
2023-01-06,1873245,740598392
2023-01-07,1273749,741872141
2023-01-08,1383456,743255597
2023-01-09,881614,744137211
2023-01-10,598636,744735847
2023-01-11,618467,745354314
2023-01-12,640395,745994709
2023-01-13,1023267,747017976
2023-01-14,495337,747513313
2023-01-15,629229,748142542
2023-01-16,370279,748512821
2023-01-17,237845,748750666
2023-01-18,352793,749103459
2023-01-19,325724,749429183
2023-01-20,582803,750011986
2023-01-21,273776,750285762
2023-01-22,371662,750657424
2023-01-23,170065,750827489
2023-01-24,107807,750935296
2023-01-25,177453,751112749
2023-01-26,191300,751304049
2023-01-27,459317,751763366
2023-01-28,163100,751926466
2023-01-29,290451,752216917
2023-01-30,134990,752351907
2023-01-31,66297,752418204
2023-02-01,176142,752594346
2023-02-02,130044,752724390
2023-02-03,432640,753157030
2023-02-04,178343,753335373
2023-02-05,267175,753602548
2023-02-06,107668,753710216
2023-02-07,83529,753793621
2023-02-08,134354,753927975
2023-02-09,133895,754061870
2023-02-10,407546,754469416
2023-02-11,124717,754594133
2023-02-12,255716,754849849
2023-02-13,90227,754940076
2023-02-14,71703,755011779
2023-02-15,135039,755146818
2023-02-16,108693,755255511
2023-02-17,357749,755613260
2023-02-18,99294,755712554
2023-02-19,283037,755995591
2023-02-20,98128,756093719
2023-02-21,65792,756159511
2023-02-22,99425,756258936
2023-02-23,97532,756356468
2023-02-24,93925,756450393
2023-02-25,352396,756802789
2023-02-26,265614,757068403
2023-02-27,123569,757191972
2023-02-28,57299,757249271
2023-03-01,99334,757348605
2023-03-02,100269,757448874
2023-03-03,101783,757550657
2023-03-04,306384,757857041
2023-03-05,239782,758096823
2023-03-06,126509,758223332
2023-03-07,58166,758281498
2023-03-08,86647,758368145
2023-03-09,82821,758450966
2023-03-10,77206,758528172
2023-03-11,248579,758776751
2023-03-12,214896,758991647
2023-03-13,159888,759151535
2023-03-14,57316,759208851
2023-03-15,83256,759292107
2023-03-16,80749,759372856
2023-03-17,68006,759440862
2023-03-18,208939,759649801
2023-03-19,221068,759870869
2023-03-20,153600,760024469
2023-03-21,53703,760078172
2023-03-22,67754,760145926
2023-03-23,64959,760210885
2023-03-24,62836,760273721
2023-03-25,225816,760499537
2023-03-26,204469,760704006
2023-03-27,95707,760799713
2023-03-28,44790,760844503
2023-03-29,62716,760907219
2023-03-30,114280,761021499
2023-03-31,49933,761071432
2023-04-01,233684,761305116
2023-04-02,198424,761503540
2023-04-03,106535,761610075
2023-04-04,35455,761645529
2023-04-05,54194,761699723
2023-04-06,54351,761754074
2023-04-07,49705,761803779
2023-04-08,48160,761851939
2023-04-09,352663,762204602
2023-04-10,93569,762298171
2023-04-11,37040,762335211
2023-04-12,51731,762386942
2023-04-13,58920,762445862
2023-04-14,56609,762502471
2023-04-15,53583,762556054
2023-04-16,343365,762899414
2023-04-17,112991,763012405
2023-04-18,44704,763057109
2023-04-19,62700,763119809
2023-04-20,62962,763182771
2023-04-21,60029,763242800
2023-04-22,57511,763300311
2023-04-23,336718,763637029
2023-04-24,112239,763749268
2023-04-25,41681,763790949
2023-04-26,60253,763851202
2023-04-27,57346,763908548
2023-04-28,57305,763965853
2023-04-29,55984,764021837
2023-04-30,299803,764321640
2023-05-01,105365,764427005
2023-05-02,38904,764465909
2023-05-03,56434,764522343
2023-05-04,60988,764583331
2023-05-05,52245,764635576
2023-05-06,40466,764676042
2023-05-07,255044,764931086
2023-05-08,124957,765056043
2023-05-09,46757,765102800
2023-05-10,42421,765145221
2023-05-11,37853,765183074
2023-05-12,39403,765222477
2023-05-13,36268,765258745
2023-05-14,239241,765497986
2023-05-15,113112,765611098
2023-05-16,36499,765647597
2023-05-17,38225,765685822
2023-05-18,34452,765720274
2023-05-19,30956,765751230
2023-05-20,29373,765780603
2023-05-21,89263,765869866
2023-05-22,120320,765990186
2023-05-23,32739,766022925
2023-05-24,34714,766057639
2023-05-25,30147,766087786
2023-05-26,28546,766116332
2023-05-27,27242,766143574
2023-05-28,73340,766216914
2023-05-29,95562,766312476
2023-05-30,41869,766354345
2023-05-31,31793,766386138
2023-06-01,33524,766419562
2023-06-02,25989,766445551
2023-06-03,12574,766458105
2023-06-04,48853,766506868
2023-06-05,104522,766611390
2023-06-06,7966,766619356
2023-06-07,32635,766651991
2023-06-08,22513,766674504
2023-06-09,25419,766699923
2023-06-10,29591,766729512
2023-06-11,57944,766787456
2023-06-12,81906,766869362
2023-06-13,11117,766880479
2023-06-14,4642,766885121
2023-06-15,4149,766889270
2023-06-16,3882,766893152
2023-06-17,6820,766899972
2023-06-18,30408,766930380
2023-06-19,157578,767087958
2023-06-20,5571,767093529
2023-06-21,3506,767097035
2023-06-22,3096,767100131
2023-06-23,4479,767104610
2023-06-24,4449,767109059
2023-06-25,26358,767135417
2023-06-26,151023,767286440
2023-06-27,5023,767291463
2023-06-28,2528,767293991
2023-06-29,2418,767296409
2023-06-30,2594,767299003
2023-07-01,3336,767302339
2023-07-02,9564,767311903
2023-07-03,160424,767471775
2023-07-04,8868,767480643
2023-07-05,1771,767482414
2023-07-06,1773,767484187
2023-07-07,1741,767485928
2023-07-08,2666,767488594
2023-07-09,5684,767494278
2023-07-10,184208,767678486
2023-07-11,3894,767682275
2023-07-12,1959,767684234
2023-07-13,1767,767686001
2023-07-14,1778,767687779
2023-07-15,2201,767689980
2023-07-16,5763,767695743
2023-07-17,231312,767927055
2023-07-18,3760,767930815
2023-07-19,2024,767932839
2023-07-20,1928,767934766
2023-07-21,1971,767936737
2023-07-22,2553,767939290
2023-07-23,6601,767945891
2023-07-24,291451,768237342
2023-07-25,7119,768244461
2023-07-26,2275,768246736
2023-07-27,2159,768248895
2023-07-28,2199,768251094
2023-07-29,2730,768253800
2023-07-30,9089,768262888
2023-07-31,337502,768600390
2023-08-01,339811,768940201
2023-08-02,3028,768943229
2023-08-03,2886,768946115
2023-08-04,3127,768949242
2023-08-05,3446,768952688
2023-08-06,11868,768964556
2023-08-07,36900,769001456
2023-08-08,71153,769072609
2023-08-09,3300,769075749
2023-08-10,3029,769078778
2023-08-11,3290,769082068
2023-08-12,3777,769085829
2023-08-13,12663,769098492
2023-08-14,301251,769334664
2023-08-15,10446,769345110
2023-08-16,3713,769348823
2023-08-17,2991,769351814
2023-08-18,4127,769355941
2023-08-19,5213,769361154
2023-08-20,15943,769377097
2023-08-21,304165,769681262
2023-08-22,10912,769692174
2023-08-23,5752,769697926
2023-08-24,5231,769703157
2023-08-25,4734,769707891
2023-08-26,5665,769713556
2023-08-27,20399,769733955
2023-08-28,278856,770012811
2023-08-29,12057,770024868
2023-08-30,6338,770031206
2023-08-31,5615,770036821
2023-09-01,5820,770042641
2023-09-02,6664,770049305
2023-09-03,24767,770074072
2023-09-04,155100,770229172
2023-09-05,15558,770244730
2023-09-06,9295,770254025
2023-09-07,8044,770262069
2023-09-08,7536,770269605
2023-09-09,8478,770278083
2023-09-10,29194,770307277
2023-09-11,24974,770332251
2023-09-12,19541,770351792
2023-09-13,12463,770364255
2023-09-14,9898,770374153
2023-09-15,8965,770383118
2023-09-16,8962,770392080
2023-09-17,35773,770427853
2023-09-18,23978,770451831
2023-09-19,26196,770478027
2023-09-20,12966,770490993
2023-09-21,10574,770501561
2023-09-22,10920,770512481
2023-09-23,9831,770522312
2023-09-24,42389,770564701
2023-09-25,34493,770599194
2023-09-26,31479,770630673
2023-09-27,13618,770644291
2023-09-28,12216,770656507
2023-09-29,12083,770668590
2023-09-30,11437,770680027
2023-10-01,42163,770722190
2023-10-02,40498,770762688
2023-10-03,34524,770797212
2023-10-04,16199,770813411
2023-10-05,13276,770826687
2023-10-06,11875,770838562
2023-10-07,10930,770849492
2023-10-08,39849,770889341
2023-10-09,35182,770924523
2023-10-10,33530,770958053
2023-10-11,13604,770971657
2023-10-12,11983,770983640
2023-10-13,10525,770994165
2023-10-14,9040,771003205
2023-10-15,37240,771040438
2023-10-16,34756,771075194
2023-10-17,35601,771110795
2023-10-18,11398,771122193
2023-10-19,9026,771131219
2023-10-20,8485,771139704
2023-10-21,9183,771148887
2023-10-22,32221,771181108
2023-10-23,34398,771215506
2023-10-24,42339,771257845
2023-10-25,11393,771269238
2023-10-26,9534,771278772
2023-10-27,8441,771287213
2023-10-28,8416,771295629
2023-10-29,27780,771323409
2023-10-30,135822,771459231
2023-10-31,10185,771469416
2023-11-01,1020,771470436
2023-11-02,1016,771471452
2023-11-03,704,771472156
2023-11-04,1263,771473419
2023-11-05,3030,771476449
2023-11-06,153560,771630009
2023-11-07,11021,771641030
2023-11-08,822,771641852
2023-11-09,888,771642740
2023-11-10,734,771643474
2023-11-11,1118,771644592
2023-11-12,2558,771647150
2023-11-13,184649,771831799
2023-11-14,12010,771843809
2023-11-15,865,771844674
2023-11-16,948,771845622
2023-11-17,827,771846449
2023-11-18,1252,771847701
2023-11-19,2840,771850541
2023-11-20,216502,772067043
2023-11-21,12360,772079403
2023-11-22,77,772079480
2023-11-23,227,772079707
2023-11-24,134,772079841
2023-11-25,860,772080701
2023-11-26,3977,772084678
2023-11-27,263075,772347753
2023-11-28,10116,772357869
2023-11-29,138,772358007
2023-11-30,242,772358249
2023-12-01,171,772358420
2023-12-02,794,772359214
2023-12-03,7184,772366398
2023-12-04,306828,772673226
2023-12-05,9778,772683004
2023-12-06,375,772683379
2023-12-07,220,772683599
2023-12-08,616,772684215
2023-12-09,975,772685190
2023-12-10,13876,772699066
2023-12-11,347883,773046949
2023-12-12,9121,773056070
2023-12-13,262,773056332
2023-12-14,1027,773057359
2023-12-15,718,773058077
2023-12-16,1329,773059406
2023-12-17,21435,773080841
2023-12-18,320040,773400881
2023-12-19,10436,773411317
2023-12-20,1111,773412428
2023-12-21,1245,773413673
2023-12-22,1125,773414798
2023-12-23,1693,773416491
2023-12-24,27155,773443646
2023-12-25,227285,773670931
2023-12-26,11205,773682136
2023-12-27,879,773683015
2023-12-28,1392,773684407
2023-12-29,1248,773685655
2023-12-30,1708,773687363
2023-12-31,21929,773709292
2024-01-01,171942,773881234
2024-01-02,22538,773903772
2024-01-03,1023,773904795
2024-01-04,1634,773906429
2024-01-05,1331,773907760
2024-01-06,1855,773909615
2024-01-07,1310,773910925
2024-01-08,150742,774061667
2024-01-09,20875,774082542
2024-01-10,933,774083475
2024-01-11,1551,774085026
2024-01-12,1126,774086152
2024-01-13,1456,774087608
2024-01-14,13298,774100906
2024-01-15,103518,774204424
2024-01-16,20789,774225213
2024-01-17,535,774225748
2024-01-18,1083,774226831
2024-01-19,832,774227663
2024-01-20,1323,774228986
2024-01-21,9168,774238154
2024-01-22,86131,774324285
2024-01-23,22176,774346461
2024-01-24,358,774346819
2024-01-25,815,774347634
2024-01-26,629,774348263
2024-01-27,1213,774349476
2024-01-28,5054,774354530
2024-01-29,72535,774427065
2024-01-30,22008,774449073
2024-01-31,285,774449358
2024-02-01,834,774450192
2024-02-02,724,774450916
2024-02-03,1058,774451974
2024-02-04,3262,774455236
2024-02-05,67561,774522797
2024-02-06,17180,774539977
2024-02-07,195,774540172
2024-02-08,769,774540941
2024-02-09,51,774540992
2024-02-10,837,774541829
2024-02-11,2385,774544214
2024-02-12,59871,774604085
2024-02-13,15611,774619696
2024-02-14,161,774619857
2024-02-15,903,774620760
2024-02-16,216,774620976
2024-02-17,732,774621708
2024-02-18,1350,774623058
2024-02-19,54914,774677972
2024-02-20,16339,774694311
2024-02-21,201,774694512
2024-02-22,1569,774696081
2024-02-23,1363,774697444
2024-02-24,726,774698170
2024-02-25,1550,774699720
2024-02-26,51309,774751029
2024-02-27,15989,774767018
2024-02-28,228,774767246
2024-02-29,1574,774768820
2024-03-01,828,774769648
2024-03-02,689,774770337
2024-03-03,1370,774771707
2024-03-04,43232,774814939
2024-03-05,12963,774827902
2024-03-06,271,774828173
2024-03-07,1554,774829727
2024-03-08,1466,774831193
2024-03-09,712,774831905
2024-03-10,792,774832697
2024-03-11,40117,774872814
2024-03-12,12607,774885421
2024-03-13,232,774885653
2024-03-14,1691,774887344
2024-03-15,1525,774888869
2024-03-16,1027,774889896
2024-03-17,824,774890720
2024-03-18,37728,774928448
2024-03-19,8773,774937221
2024-03-20,240,774937461
2024-03-21,1452,774938913
2024-03-22,1028,774939941
2024-03-23,853,774940794
2024-03-24,742,774941536
2024-03-25,106053,775047589
2024-03-26,4697,775052286
2024-03-27,105,775052391
2024-03-28,1099,775053490
2024-03-29,652,775054142
2024-03-30,872,775055014
2024-03-31,588,775055602
2024-04-01,33713,775089315
2024-04-02,3632,775092947
2024-04-03,127,775093074
2024-04-04,838,775093912
2024-04-05,494,775094406
2024-04-06,918,775095324
2024-04-07,694,775096018
2024-04-08,31845,775127863
2024-04-09,5146,775133009
2024-04-10,90,775133099
2024-04-11,790,775133889
2024-04-12,663,775134552
2024-04-13,1023,775135575
2024-04-14,375,775135950
2024-04-15,26529,775162479
2024-04-16,2254,775164733
2024-04-17,115,775164848
2024-04-18,913,775165761
2024-04-19,536,775166297
2024-04-20,1140,775167437
2024-04-21,918,775168355
2024-04-22,28133,775196488
2024-04-23,2158,775198646
2024-04-24,158,775198804
2024-04-25,950,775199754
2024-04-26,535,775200289
2024-04-27,1832,775202121
2024-04-28,1053,775203174
2024-04-29,24631,775227805
2024-04-30,2199,775230004
2024-05-01,149,775230153
2024-05-02,1069,775231222
2024-05-03,602,775231824
2024-05-04,1898,775233722
2024-05-05,955,775234677
2024-05-06,26888,775261565
2024-05-07,2209,775263774
2024-05-08,131,775263905
2024-05-09,1074,775264979
2024-05-10,775,775265754
2024-05-11,1991,775267745
2024-05-12,1282,775269027
2024-05-13,30696,775300168
2024-05-14,2619,775302787
2024-05-15,119,775302906
2024-05-16,896,775303802
2024-05-17,506,775304308
2024-05-18,2023,775306331
2024-05-19,1462,775307793
2024-05-20,25267,775333482
2024-05-21,2461,775335943
2024-05-22,145,775336088
2024-05-23,668,775336756
2024-05-24,380,775337136
2024-05-25,1875,775339011
2024-05-26,1498,775340509
2024-05-27,28020,775369190
2024-05-28,2296,775371399
2024-05-29,119,775371518
2024-05-30,419,775371937
2024-05-31,318,775372255
2024-06-01,1943,775374198
2024-06-02,1903,775376101
2024-06-03,28546,775405561
2024-06-04,1699,775407260
2024-06-05,92,775407352
2024-06-06,365,775407717
2024-06-07,292,775408009
2024-06-08,2809,775410818
2024-06-09,2160,775412978
2024-06-10,28499,775442548
2024-06-11,1823,775444371
2024-06-12,32,775444403
2024-06-13,257,775444660
2024-06-14,247,775444907
2024-06-15,2899,775447806
2024-06-16,2980,775450786
2024-06-17,30786,775482895
2024-06-18,2019,775484914
2024-06-19,12,775484926
2024-06-20,260,775485186
2024-06-21,196,775485382
2024-06-22,1842,775487224
2024-06-23,2913,775490137
2024-06-24,37840,775529288
2024-06-25,2270,775531558
2024-06-26,28,775531586
2024-06-27,405,775531991
2024-06-28,262,775532253
2024-06-29,3282,775535535
2024-06-30,3888,775539423
2024-07-01,41281,775581839
2024-07-02,2716,775584555
2024-07-03,22,775584577
2024-07-04,415,775584992
2024-07-05,350,775585342
2024-07-06,1395,775586737
2024-07-07,3794,775590531
2024-07-08,41409,775633113
2024-07-09,2700,775635813
2024-07-10,34,775635847
2024-07-11,579,775636426
2024-07-12,368,775636794
2024-07-13,1030,775637824
2024-07-14,2915,775640739
2024-07-15,46295,775688172
2024-07-16,3552,775691724
2024-07-17,9,775691733
2024-07-18,1069,775692802
2024-07-19,479,775693281
2024-07-20,1070,775694351
2024-07-21,2068,775696419
2024-07-22,53327,775750808
2024-07-23,3348,775754156
2024-07-24,52,775754208
2024-07-25,702,775754910
2024-07-26,614,775755524
2024-07-27,928,775756452
2024-07-28,1562,775758014
2024-07-29,56822,775815700
2024-07-30,2922,775818622
2024-07-31,9,775818631
2024-08-01,781,775819412
2024-08-02,666,775820078
2024-08-03,566,775820644
2024-08-04,1162,775821806
2024-08-05,58944,775881658
2024-08-06,2025,775883683
2024-08-07,1,775883684
2024-08-08,779,775884463
2024-08-09,585,775885048
2024-08-10,611,775885659
2024-08-11,1337,775886996
2024-08-12,58353,775946228
2024-08-13,1875,775948103
2024-08-14,3,775948106
2024-08-15,596,775948702
2024-08-16,515,775949217
2024-08-17,438,775949655
2024-08-18,1104,775950759
2024-08-19,70433,776022016
2024-08-20,1538,776023554
2024-08-21,1,776023555
2024-08-22,455,776024010
2024-08-23,469,776024479
2024-08-24,261,776024740
2024-08-25,1114,776025854
2024-08-26,75077,776101839
2024-08-27,1294,776103133
2024-08-28,1,776103134
2024-08-29,410,776103544
2024-08-30,3,776103547
2024-08-31,1028,776104575
2024-09-01,950,776105525
2024-09-02,76547,776182979
2024-09-03,1195,776184174
2024-09-04,3,776184177
2024-09-05,303,776184480
2024-09-06,1,776184481
2024-09-07,677,776185158
2024-09-08,717,776185875
2024-09-09,83221,776270185
2024-09-10,1176,776271361
2024-09-11,1,776271362
2024-09-12,231,776271593
2024-09-13,259,776271852
2024-09-14,314,776272166
2024-09-15,649,776272815
2024-09-16,93260,776367828
2024-09-17,1026,776368854
2024-09-18,2,776368856
2024-09-19,170,776369026
2024-09-20,1,776369027
2024-09-21,239,776369266
2024-09-22,482,776369748
2024-09-23,96708,776468329
2024-09-24,1341,776469670
2024-09-25,4,776469674
2024-09-26,147,776469821
2024-09-27,140,776469961
2024-09-28,289,776470250
2024-09-29,695,776470945
2024-09-30,87290,776560316
2024-10-01,1245,776561561
2024-10-02,6,776561567
2024-10-03,107,776561674
2024-10-04,89,776561763
2024-10-05,285,776562048
2024-10-06,837,776562885
2024-10-07,80411,776645171
2024-10-08,1325,776646496
2024-10-09,1,776646497
2024-10-10,68,776646565
2024-10-11,1,776646566
2024-10-12,354,776646920
2024-10-13,869,776647789
2024-10-14,64888,776714444
2024-10-15,1551,776715995
2024-10-16,10,776716005
2024-10-17,53,776716058
2024-10-18,53,776716111
2024-10-19,404,776716515
2024-10-20,917,776717432
2024-10-21,58025,776776631
2024-10-22,1489,776778120
2024-10-23,40,776778160
2024-10-24,11,776778171
2024-10-25,51,776778222
2024-10-26,500,776778722
2024-10-27,905,776779627
2024-10-28,47259,776827717
2024-10-29,1548,776829265
2024-10-30,3,776829268
2024-10-31,47,776829315
2024-11-01,78,776829393
2024-11-02,558,776829951
2024-11-03,798,776830749
2024-11-04,42679,776874436
2024-11-05,1691,776876127
2024-11-06,8,776876135
2024-11-07,26,776876161
2024-11-08,25,776876186
2024-11-09,575,776876761
2024-11-10,1065,776877826
2024-11-11,43108,776921655
2024-11-12,1744,776923399
2024-11-13,10,776923409
2024-11-14,34,776923443
2024-11-15,23,776923466
2024-11-16,513,776923979
2024-11-17,1169,776925148
2024-11-18,46404,776972228
2024-11-19,1290,776973518
2024-11-20,12,776973530
2024-11-21,31,776973561
2024-11-22,6,776973567
2024-11-23,523,776974090
2024-11-24,1252,776975342
2024-11-25,48616,777024700
2024-11-26,1138,777025838
2024-11-27,9,777025847
2024-11-28,33,777025880
2024-11-29,24,777025904
2024-11-30,524,777026428
2024-12-01,1380,777027808
2024-12-02,50901,777079353
2024-12-03,1278,777080631
2024-12-04,38,777080669
2024-12-05,4,777080673
2024-12-06,50,777080723
2024-12-07,587,777081310
2024-12-08,1627,777082937
2024-12-09,50224,777133869
2024-12-10,1313,777135182
2024-12-11,28,777135210
2024-12-12,43,777135253
2024-12-13,30,777135283
2024-12-14,740,777136023
2024-12-15,1731,777137754
2024-12-16,44901,777183464
2024-12-17,995,777184459
2024-12-18,50,777184509
2024-12-19,7,777184516
2024-12-20,59,777184575
2024-12-21,870,777185445
2024-12-22,1484,777186929
2024-12-23,34040,777221754
2024-12-24,718,777222472
2024-12-25,35,777222507
2024-12-26,2,777222509
2024-12-27,32,777222541
2024-12-28,5,777222546
2024-12-29,971,777223517
2024-12-30,23781,777247301
2024-12-31,16551,777263852
2025-01-01,4,777263856
2025-01-02,65,777263921
2025-01-03,41,777263962
2025-01-04,4,777263966
2025-01-05,2,777263968
2025-01-06,24360,777289067
2025-01-07,22875,777311942
2025-01-08,5,777311947
2025-01-09,58,777312005
2025-01-10,40,777312045
2025-01-11,7,777312052
2025-01-12,1,777312053
2025-01-13,20657,777333256
2025-01-14,20359,777353615
2025-01-15,1,777353616
2025-01-16,1,777353617
2025-01-17,1,777353618
2025-01-18,1,777353619
2025-01-19,1,777353620
2025-01-20,16841,777370948
2025-01-21,20025,777390973
2025-01-22,1,777390974
2025-01-23,1,777390975
2025-01-24,1,777390976
2025-01-25,32,777391008
2025-01-26,1,777391009
2025-01-27,15637,777407025
2025-01-28,18880,777425905
2025-01-29,2,777425907
2025-01-30,5,777425912
2025-01-31,5,777425917
2025-02-01,1,777425918
2025-02-02,1885,777427803
2025-02-03,13692,777441853
2025-02-04,21217,777463070
2025-02-05,1,777463071
2025-02-06,1,777463072
2025-02-07,1,777463073
2025-02-08,1,777463074
2025-02-09,1,777463075
2025-02-10,12665,777476023
2025-02-11,27149,777503172
2025-02-12,1,777503173
2025-02-13,1,777503174
2025-02-14,1,777503175
2025-02-15,1,777503176
2025-02-16,13,777503189
2025-02-17,11747,777515206
2025-02-18,25945,777541151
2025-02-19,3667,777544818
2025-02-20,3,777544821
2025-02-21,2,777544823
2025-02-22,1,777544824
2025-02-23,1,777544825
2025-02-24,10621,777555731
2025-02-25,17526,777573257
2025-02-26,2,777573259
2025-02-27,1,777573260
2025-02-28,1,777573261
2025-03-01,1,777573262
2025-03-02,1,777573263
2025-03-03,9261,777582780
2025-03-04,12646,777595426
2025-03-05,2,777595428
2025-03-06,0,777595428
2025-03-07,2,777595430
2025-03-08,2,777595432
2025-03-09,0,777595432
2025-03-10,8910,777604589
2025-03-11,9667,777614256
2025-03-12,1,777614257
2025-03-13,1,777614258
2025-03-14,1,777614259
2025-03-15,2,777614261
2025-03-16,1,777614262
2025-03-17,4471,777619020
2025-03-18,6820,777625840
2025-03-19,1,777625841
2025-03-20,1,777625842
2025-03-21,1,777625843
2025-03-22,1,777625844
2025-03-23,1,777625845
2025-03-24,4269,777630383
2025-03-25,5368,777635751
2025-03-26,2,777635753
2025-03-27,1,777635754
2025-03-28,0,777635754
2025-03-29,1,777635755
2025-03-30,1,777635756
2025-03-31,4078,777640126
2025-04-01,4574,777644700
2025-04-02,0,777644700
2025-04-03,0,777644700
2025-04-04,3,777644703
2025-04-05,3,777644706
2025-04-06,1,777644707
2025-04-07,3827,777648867
2025-04-08,3840,777652707
2025-04-09,1,777652708
2025-04-10,1,777652709
2025-04-11,1,777652710
2025-04-12,3,777652713
2025-04-13,1,777652714
2025-04-14,3377,777656426
2025-04-15,2916,777659342
2025-04-16,1,777659343
2025-04-17,1,777659344
2025-04-18,1,777659345
2025-04-19,1,777659346
2025-04-20,2,777659348
2025-04-21,3190,777662841
2025-04-22,3289,777666130
2025-04-23,1,777666131
2025-04-24,6,777666137
2025-04-25,3,777666140
2025-04-26,1,777666141
2025-04-27,0,777666141
2025-04-28,3289,777669755
2025-04-29,3184,777672939
2025-04-30,0,777672939
2025-05-01,8,777672947
2025-05-02,0,777672947
2025-05-03,4,777672951
2025-05-04,1,777672952
2025-05-05,3208,777676473
2025-05-06,3875,777680348
2025-05-07,7,777680355
2025-05-08,0,777680355
2025-05-09,1,777680356
2025-05-10,69232,777749588
2025-05-11,0,777749588
2025-05-12,3581,777753503
2025-05-13,4052,777757555
2025-05-14,0,777757555
2025-05-15,1,777757556
2025-05-16,0,777757556
2025-05-17,58614,777816170
2025-05-18,4,777816174
2025-05-19,4074,777820577
2025-05-20,4211,777824788
2025-05-21,2,777824790
2025-05-22,5,777824795
2025-05-23,4,777824799
2025-05-24,53618,777878417
2025-05-25,6,777878423
2025-05-26,5397,777884193
2025-05-27,89689,777973882
2025-05-28,0,777973882
2025-05-29,0,777973882
2025-05-30,529,777974411
2025-05-31,688,777975099
2025-06-01,2785,777977884
2025-06-02,55308,778033525
2025-06-03,11628,778045153
2025-06-04,21381,778066534
2025-06-05,23761,778090295
2025-06-06,13220,778103515
2025-06-07,13249,778116764
2025-06-08,29450,778146214
2025-06-09,5267,778151849
2025-06-10,4025,778155874
2025-06-11,187,778156061
2025-06-12,215,778156276
2025-06-13,376,778156652
2025-06-14,57956,778214608
2025-06-15,179,778214787
2025-06-16,5412,778220451
2025-06-17,3125,778223576
2025-06-18,68,778223644
2025-06-19,92,778223736
2025-06-20,57,778223793
2025-06-21,33859,778257652
2025-06-22,126,778257778
2025-06-23,5360,778263414
2025-06-24,2881,778266295
2025-06-25,34,778266329
2025-06-26,29,778266358
2025-06-27,20,778266378
2025-06-28,24526,778290904
2025-06-29,35,778290939
2025-06-30,5169,778296389
2025-07-01,3445,778299834
2025-07-02,40,778299874
2025-07-03,16,778299890
2025-07-04,22,778299912
2025-07-05,31456,778331368
2025-07-06,21,778331389
2025-07-07,5609,778337272
2025-07-08,3735,778341007
2025-07-09,80,778341087
2025-07-10,41,778341128
2025-07-11,20,778341148
2025-07-12,66,778341214
2025-07-13,122,778341336
2025-07-14,6030,778347679
2025-07-15,4061,778351740
2025-07-16,31,778351771
2025-07-17,27,778351798
2025-07-18,14,778351812
2025-07-19,48,778351860
2025-07-20,12,778351872
2025-07-21,6522,778358770
2025-07-22,4609,778363379
2025-07-23,25,778363404
2025-07-24,26,778363430
2025-07-25,13,778363443
2025-07-26,41,778363484
2025-07-27,12525,778376009
2025-07-28,7432,778383827
2025-07-29,5340,778389167
2025-07-30,12,778389179
2025-07-31,25,778389204
2025-08-01,23,778389227
2025-08-02,2273,778391500
2025-08-03,52,778391552
2025-08-04,9326,778401263
2025-08-05,6808,778408071
2025-08-06,0,778408071
2025-08-07,12,778408083
2025-08-08,5,778408088
2025-08-09,1956,778410044
2025-08-10,29,778410073
2025-08-11,11140,778421646
2025-08-12,9405,778431051
2025-08-13,8,778431059
2025-08-14,6,778431065
2025-08-15,7,778431072
2025-08-16,1935,778433007
2025-08-17,4,778433011
2025-08-18,15140,778448580
2025-08-19,11355,778459935
2025-08-20,5,778459940
2025-08-21,8,778459948
2025-08-22,14,778459962
2025-08-23,1922,778461884
2025-08-24,2,778461886
2025-08-25,17993,778480372
2025-08-26,10414,778490786
2025-08-27,7,778490793
2025-08-28,2,778490795
2025-08-29,7,778490802
2025-08-30,1318,778492120
2025-08-31,4,778492124
2025-09-01,22743,778515444
2025-09-02,10524,778525968
2025-09-03,2,778525970
2025-09-04,3,778525973
2025-09-05,0,778525973
2025-09-06,8705,778534678
2025-09-07,17,778534695
2025-09-08,27136,778561835
2025-09-09,10644,778572479
2025-09-10,4,778572483
2025-09-11,4,778572487
2025-09-12,1,778572488
2025-09-13,1413,778573901
2025-09-14,2,778573903
2025-09-15,29648,778604524
2025-09-16,11156,778615680
2025-09-17,1,778615681
2025-09-18,1,778615682
2025-09-19,0,778615682
2025-09-20,1086,778616768
2025-09-21,1,778616769
2025-09-22,30025,778647740
2025-09-23,10207,778657947
2025-09-24,0,778657947
2025-09-25,0,778657947
2025-09-26,0,778657947
2025-09-27,657,778658604
2025-09-28,0,778658604
2025-09-29,26822,778686784
2025-09-30,10909,778697693
2025-10-01,0,778697693
2025-10-02,0,778697693
2025-10-03,0,778697693
2025-10-04,722,778698415
2025-10-05,4,778698419
2025-10-06,27288,778727063
2025-10-07,9830,778736893
2025-10-08,0,778736893
2025-10-09,0,778736893
2025-10-10,0,778736893
2025-10-11,665,778737558
2025-10-12,0,778737558
2025-10-13,22463,778761281
2025-10-14,9997,778771278
2025-10-15,0,778771278
2025-10-16,0,778771278
2025-10-17,0,778771278
2025-10-18,0,778771278
2025-10-19,0,778771278
2025-10-20,20086,778792330
2025-10-21,9496,778801826
2025-10-22,0,778801826
2025-10-23,0,778801826
2025-10-24,0,778801826
2025-10-25,0,778801826
2025-10-26,0,778801826
2025-10-27,15402,778817876
2025-10-28,9004,778826880
2025-10-29,0,778826880
2025-10-30,0,778826880
2025-10-31,0,778826880
2025-11-01,0,778826880
2025-11-02,0,778826880
2025-11-03,12917,778840305
2025-11-04,9071,778849376
2025-11-05,0,778849376
2025-11-06,0,778849376
2025-11-07,0,778849376
2025-11-08,0,778849376
2025-11-09,0,778849376
2025-11-10,9782,778859561
2025-11-11,9677,778869238
2025-11-12,0,778869238
2025-11-13,0,778869238
2025-11-14,0,778869238
2025-11-15,0,778869238
2025-11-16,0,778869238
2025-11-17,9007,778878629
2025-11-18,7704,778886333
2025-11-19,0,778886333
2025-11-20,0,778886333
2025-11-21,0,778886333
2025-11-22,0,778886333
2025-11-23,0,778886333
2025-11-24,8846,778895664
2025-11-25,7580,778903244
2025-11-26,0,778903244
2025-11-27,0,778903244
2025-11-28,0,778903244
2025-11-29,0,778903244
2025-11-30,0,778903244
2025-12-01,10080,778913854
2025-12-02,6974,778920828
2025-12-03,0,778920828
2025-12-04,0,778920828
2025-12-05,0,778920828
2025-12-06,0,778920828
2025-12-07,0,778920828
2025-12-08,10199,778931597
2025-12-09,5930,778937527
2025-12-10,0,778937527
2025-12-11,0,778937527
2025-12-12,0,778937527
2025-12-13,0,778937527
2025-12-14,0,778937527
2025-12-15,8937,778946995
2025-12-16,4604,778951599
2025-12-17,0,778951599
2025-12-18,0,778951599
2025-12-19,0,778951599
2025-12-20,0,778951599
2025-12-21,0,778951599
2025-12-22,6701,778958764
2025-12-23,2640,778961404
2025-12-24,0,778961404
2025-12-25,0,778961404
2025-12-26,0,778961404
2025-12-27,0,778961404
2025-12-28,0,778961404
2025-12-29,7140,778969064
2025-12-30,1254,778970318
2025-12-31,0,778970318
