aa_label,first_date,second_date,days_to_second,per_abundance,count,abundance_bin
E_S68F,2020-01-01,2020-01-29,28,0.0892397332145601,5027,"[0.01%, 1%)"
M_H125Y,2020-01-14,2020-03-12,58,0.142478237274728,8026,"[0.01%, 1%)"
NS3_G172R,2020-01-14,2020-03-10,56,0.231327424610888,13031,"[0.01%, 1%)"
NS3_G172V,2020-01-04,2020-01-25,21,1.99251181534423,112241,"[1%, 10%)"
NS3_N257D,2020-01-10,2020-03-15,65,0.0417351527327294,2351,"[0.01%, 1%)"
NS3_Q38R,2020-01-14,2020-03-10,56,0.229285934791975,12916,"[0.01%, 1%)"
NS3_Q57H,2020-01-04,2020-01-10,6,6.86560126934511,386749,"[1%, 10%)"
NS3_V202L,2020-01-14,2020-03-10,56,0.820146344641471,46200,"[0.01%, 1%)"
NS7a_P34S,2020-01-01,2020-03-04,63,0.21062849305565,11865,"[0.01%, 1%)"
NS8_D63Y,2020-01-10,2020-04-02,83,0.0530787352917316,2990,"[0.01%, 1%)"
NS8_L84S,2019-12-30,2020-01-01,2,0.228558099291319,12875,"[0.01%, 1%)"
NS8_S24L,2020-01-04,2020-01-25,21,2.1424814326501,120689,"[1%, 10%)"
NS8_V32L,2020-01-01,2020-03-18,77,0.135909965683444,7656,"[0.01%, 1%)"
NS8_V62L,2020-01-10,2020-01-15,5,0.421327994452828,23734,"[0.01%, 1%)"
N_A220V,2020-01-10,2020-03-02,52,2.42117142105976,136388,"[1%, 10%)"
N_D377Y,2020-01-04,2020-01-25,21,56.468087697432,3180927,>=10%
N_P199L,2020-01-04,2020-01-14,10,2.47126780600734,139210,"[1%, 10%)"
N_P67S,2020-01-04,2020-01-25,21,1.91912469437566,108107,"[1%, 10%)"
N_S194L,2020-01-01,2020-01-03,2,1.39465708385428,78563,"[1%, 10%)"
N_S202N,2020-01-01,2020-01-25,24,0.066517063925792,3747,"[0.01%, 1%)"
N_T205I,2020-01-01,2020-01-29,28,2.036945285055,114744,"[1%, 10%)"
N_T391I,2020-01-10,2020-02-19,40,0.282861728474398,15934,"[0.01%, 1%)"
ORF1a_A3657V,2020-01-14,2020-04-06,83,0.0448240155891713,2525,"[0.01%, 1%)"
ORF1a_D953Y,2020-01-03,2020-03-16,73,0.0721444749918385,4064,"[0.01%, 1%)"
ORF1a_H1113Y,2020-01-14,2020-03-10,56,0.392711632817286,22122,"[0.01%, 1%)"
ORF1a_I2244T,2019-12-30,2020-01-29,30,0.0104559782899097,589,"[0.01%, 1%)"
ORF1a_K1202N,2020-01-14,2020-03-04,50,0.339739410037846,19138,"[0.01%, 1%)"
ORF1a_L3352F,2020-01-04,2020-01-25,21,2.02304540220101,113961,"[1%, 10%)"
ORF1a_M2606I,2020-01-04,2020-01-25,21,0.798116006682595,44959,"[0.01%, 1%)"
ORF1a_P971L,2020-01-04,2020-01-28,24,0.682354657907551,38438,"[0.01%, 1%)"
ORF1a_S135N,2020-01-04,2020-03-16,72,0.0115388554982025,650,"[0.01%, 1%)"
ORF1a_S2535L,2020-01-10,2020-03-09,59,0.181195535492543,10207,"[0.01%, 1%)"
ORF1a_S3099L,2020-01-11,2020-03-23,72,0.135572676061189,7637,"[0.01%, 1%)"
ORF1a_T2124I,2020-01-14,2020-02-25,42,0.244605984476511,13779,"[0.01%, 1%)"
ORF1a_T265I,2020-01-04,2020-01-10,6,5.31650104266874,299486,"[1%, 10%)"
ORF1a_T3090I,2019-12-30,2020-03-05,66,9.19005932924455,517689,"[1%, 10%)"
ORF1a_V1291I,2020-01-10,2020-05-17,128,0.0273559635734309,1541,"[0.01%, 1%)"
ORF1b_K2557R,2019-12-30,2020-01-24,25,1.6172504824573,91102,"[1%, 10%)"
ORF1b_N1653D,2020-01-04,2020-01-25,21,1.86789217596364,105221,"[1%, 10%)"
ORF1b_P1594S,2020-01-01,2020-05-05,125,0.0146277183546444,824,"[0.01%, 1%)"
ORF1b_P314L,2020-01-01,2020-01-03,2,99.2057539479307,5588400,>=10%
ORF1b_R2613C,2020-01-04,2020-01-25,21,1.9045147281064,107284,"[1%, 10%)"
ORF1b_S1408L,2020-01-03,2020-02-10,38,0.0263085905359017,1482,"[0.01%, 1%)"
ORF1b_T1453I,2020-01-10,2020-03-12,62,0.0292731887946707,1649,"[0.01%, 1%)"
ORF1b_V165I,2020-01-10,2020-03-16,66,0.0320070099434756,1803,"[0.01%, 1%)"
ORF1b_V2178F,2020-01-01,2020-03-14,73,0.194687120382749,10967,"[0.01%, 1%)"
Spike_D614G,2020-01-01,2020-01-03,2,99.2657382444359,5591779,>=10%
Spike_H245Y,2020-01-01,2020-03-18,77,0.0711681102958367,4009,"[0.01%, 1%)"
Spike_P681H,2020-01-01,2020-03-12,71,26.3874452991679,1486442,>=10%
Spike_S98F,2020-01-14,2020-01-16,2,0.608754511914401,34292,"[0.01%, 1%)"
Spike_T95I,2020-01-10,2020-02-21,42,24.8331792156454,1398888,>=10%
