mutation_name,first_date,second_date,days_to_second,per_abundance,count,abundance_bin
A18114G,2020-01-10,2020-02-01,22,0.0191189959562525,1077,"[0.01%, 1%)"
A18424G,2020-01-04,2020-01-25,21,1.87039522000248,105362,"[1%, 10%)"
A20268G,2020-01-03,2020-01-10,7,1.41652765304472,79795,"[1%, 10%)"
A21137G,2019-12-30,2020-01-24,25,1.61760552416494,91122,"[1%, 10%)"
A23403G,2020-01-01,2020-01-03,2,99.5431500826981,5607406,>=10%
A25505G,2020-01-14,2020-03-10,56,0.229285934791975,12916,"[0.01%, 1%)"
A27237G,2020-01-10,2020-03-28,78,0.018941475102434,1067,"[0.01%, 1%)"
A28133T,2020-01-14,2020-03-10,56,0.129501462860596,7295,"[0.01%, 1%)"
C10319T,2020-01-04,2020-01-25,21,2.02675558804582,114170,"[1%, 10%)"
C1059T,2020-01-04,2020-01-10,6,5.31928812007369,299643,"[1%, 10%)"
C1060T,2020-01-10,2020-03-12,62,0.178887764392903,10077,"[0.01%, 1%)"
C11224T,2020-01-10,2020-03-13,63,0.0925416210955841,5213,"[0.01%, 1%)"
C11235T,2020-01-14,2020-04-06,83,0.0451080489552809,2541,"[0.01%, 1%)"
C12295A,2020-01-10,2020-04-01,82,0.0105802428875826,596,"[0.01%, 1%)"
C12970T,2020-01-10,2020-03-11,61,0.736800303773685,41505,"[0.01%, 1%)"
C14408T,2020-01-01,2020-01-03,2,99.363836268256,5597305,>=10%
C14793T,2020-01-03,2020-03-16,73,0.0330721350663866,1863,"[0.01%, 1%)"
C14805T,2020-01-04,2020-01-25,21,1.18173857178437,66569,"[1%, 10%)"
C14925T,2020-01-03,2020-03-11,68,0.668348262541271,37649,"[0.01%, 1%)"
C15324T,2020-01-14,2020-01-22,8,0.530964873771134,29910,"[0.01%, 1%)"
C16T,2020-01-05,2020-01-22,17,0.0211782378605471,1193,"[0.01%, 1%)"
C17439T,2020-01-03,2020-03-23,80,0.052315395620312,2947,"[0.01%, 1%)"
C17690T,2020-01-03,2020-02-10,38,0.0263085905359017,1482,"[0.01%, 1%)"
C17825T,2020-01-10,2020-03-12,62,0.0292731887946707,1649,"[0.01%, 1%)"
C18060T,2020-01-01,2020-01-19,18,0.256340112913914,14440,"[0.01%, 1%)"
C18247T,2020-01-01,2020-05-05,125,0.0146277183546444,824,"[0.01%, 1%)"
C21304T,2020-01-04,2020-01-25,21,1.90810064935353,107486,"[1%, 10%)"
C21846T,2020-01-10,2020-02-21,42,24.8594878061813,1400370,>=10%
C21855T,2020-01-14,2020-01-16,2,0.610902514245605,34413,"[0.01%, 1%)"
C22295T,2020-01-01,2020-03-18,77,0.0654696908882629,3688,"[0.01%, 1%)"
C2245T,2020-01-03,2020-03-26,83,0.0578185420886855,3257,"[0.01%, 1%)"
C23533T,2020-01-01,2020-02-02,32,0.120252626376652,6774,"[0.01%, 1%)"
C23604A,2020-01-01,2020-03-12,71,26.5588061793589,1496095,>=10%
C24034T,2020-01-10,2020-01-13,3,0.153999340687549,8675,"[0.01%, 1%)"
C241T,2020-01-01,2020-01-03,2,97.6966846737903,5503392,>=10%
C26447T,2020-01-01,2020-01-29,28,0.0892752373853237,5029,"[0.01%, 1%)"
C26882T,2020-01-03,2020-03-14,71,0.165413931588079,9318,"[0.01%, 1%)"
C26895T,2020-01-14,2020-03-12,58,0.142531493530874,8029,"[0.01%, 1%)"
C27493T,2020-01-01,2020-03-04,63,0.212563470362272,11974,"[0.01%, 1%)"
C27964T,2020-01-04,2020-01-25,21,2.14281872227235,120708,"[1%, 10%)"
C28232T,2020-01-10,2020-03-18,68,0.0246576465953897,1389,"[0.01%, 1%)"
C28253T,2020-01-01,2020-01-25,24,1.15670813139597,65159,"[1%, 10%)"
C28472T,2020-01-04,2020-01-25,21,1.92107742376766,108217,"[1%, 10%)"
C28651T,2020-01-14,2020-03-10,56,0.375705135021474,21164,"[0.01%, 1%)"
C28854T,2020-01-01,2020-01-03,2,1.39476359636657,78569,"[1%, 10%)"
C28869T,2020-01-04,2020-01-14,10,2.47155183937345,139226,"[1%, 10%)"
C28887T,2020-01-01,2020-01-29,28,2.0371405579942,114755,"[1%, 10%)"
C28915T,2020-01-03,2020-03-14,71,0.0643690615945882,3626,"[0.01%, 1%)"
C28932T,2020-01-10,2020-03-02,52,2.42200576907271,136435,"[1%, 10%)"
C29095T,2020-01-10,2020-01-11,1,0.597623954379981,33665,"[0.01%, 1%)"
C29445T,2020-01-10,2020-02-19,40,0.283003745157453,15942,"[0.01%, 1%)"
C29546T,2020-01-01,2020-03-09,68,0.0962873111111545,5424,"[0.01%, 1%)"
C29721T,2020-01-01,2020-03-20,79,0.0977252300270844,5505,"[0.01%, 1%)"
C29722T,2020-01-10,2020-03-06,56,0.0901450895690344,5078,"[0.01%, 1%)"
C29870A,2020-01-04,2020-01-10,6,0.763410679761078,43004,"[0.01%, 1%)"
C3037T,2020-01-01,2020-01-03,2,99.3093373661338,5594235,>=10%
C3177T,2020-01-04,2020-01-28,24,0.682904972554388,38469,"[0.01%, 1%)"
C3602T,2020-01-14,2020-03-10,56,0.392871401585723,22131,"[0.01%, 1%)"
C4999T,2020-01-10,2020-03-04,54,0.184497423373567,10393,"[0.01%, 1%)"
C5812T,2020-01-01,2020-03-13,72,0.547137023553999,30821,"[0.01%, 1%)"
C6445T,2020-01-10,2020-03-19,69,0.104985832948261,5914,"[0.01%, 1%)"
C6636T,2020-01-14,2020-02-25,42,0.244694744903421,13784,"[0.01%, 1%)"
C6941T,2020-01-14,2020-03-10,56,0.26186101146767,14751,"[0.01%, 1%)"
C7869T,2020-01-10,2020-03-09,59,0.181337552175598,10215,"[0.01%, 1%)"
C8782T,2019-12-30,2020-01-01,2,0.298146273988171,16795,"[0.01%, 1%)"
C9534T,2019-12-30,2020-03-05,66,9.20965763150612,518793,"[1%, 10%)"
C9561T,2020-01-11,2020-03-23,72,0.135732444829625,7646,"[0.01%, 1%)"
G13960A,2020-01-10,2020-03-16,66,0.0320070099434756,1803,"[0.01%, 1%)"
G19999T,2020-01-01,2020-03-14,73,0.194722624553513,10969,"[0.01%, 1%)"
G20670A,2019-12-30,2020-03-26,87,0.0340307476770065,1917,"[0.01%, 1%)"
G20679A,2019-12-30,2020-04-03,95,0.040829796378255,2300,"[0.01%, 1%)"
G219T,2020-01-10,2020-03-08,58,0.138128976356175,7781,"[0.01%, 1%)"
G25563T,2020-01-04,2020-01-10,6,6.83870685999161,385234,"[1%, 10%)"
G25906C,2020-01-14,2020-03-10,56,0.232161772623835,13078,"[0.01%, 1%)"
G25907T,2020-01-04,2020-01-25,21,1.99563618237143,112417,"[1%, 10%)"
G25996T,2020-01-14,2020-03-10,56,0.814820719026916,45900,"[0.01%, 1%)"
G27987T,2020-01-01,2020-03-18,77,0.112850006772421,6357,"[0.01%, 1%)"
G28077C,2020-01-10,2020-01-15,5,0.0711503582104549,4008,"[0.01%, 1%)"
G28080T,2020-01-10,2020-04-02,83,0.0530964873771134,2991,"[0.01%, 1%)"
G28878A,2020-01-01,2020-01-25,24,0.0667833452065198,3762,"[0.01%, 1%)"
G29402T,2020-01-04,2020-01-25,21,56.4736441001566,3181240,>=10%
G29742A,2020-01-01,2020-01-25,24,0.0780381673386127,4396,"[0.01%, 1%)"
G29742T,2020-01-03,2020-01-19,16,53.0564741766627,2988746,>=10%
G29861A,2020-01-10,2020-01-16,6,0.0144679495862078,815,"[0.01%, 1%)"
G29862A,2020-01-10,2020-01-16,6,0.0162964143805383,918,"[0.01%, 1%)"
G29868A,2020-01-10,2020-01-16,6,0.101186886676545,5700,"[0.01%, 1%)"
G3122T,2020-01-03,2020-03-16,73,0.0721799791626022,4066,"[0.01%, 1%)"
G3871T,2020-01-14,2020-03-04,50,0.337484895194351,19011,"[0.01%, 1%)"
G4136A,2020-01-10,2020-05-17,128,0.0273559635734309,1541,"[0.01%, 1%)"
G669A,2020-01-04,2020-03-16,72,0.0127992535603139,721,"[0.01%, 1%)"
G8083A,2020-01-04,2020-01-25,21,0.78828135138105,44405,"[0.01%, 1%)"
T1075C,2020-01-04,2020-10-09,279,0.0211249816044015,1190,"[0.01%, 1%)"
T13270C,2020-01-03,2020-01-24,21,0.0296104784169258,1668,"[0.01%, 1%)"
T1438C,2020-01-14,2020-04-08,85,0.0124974681088224,704,"[0.01%, 1%)"
T23569C,2020-01-15,2020-01-16,1,0.0204859065306549,1154,"[0.01%, 1%)"
T26729C,2020-01-10,2020-01-15,5,0.0577120295763944,3251,"[0.01%, 1%)"
T27384C,2020-01-10,2020-01-30,20,8.90987816566282,501906,"[1%, 10%)"
T28144C,2019-12-30,2020-01-01,2,0.22866461180361,12881,"[0.01%, 1%)"
T29867A,2020-01-10,2020-01-16,6,0.141022566273417,7944,"[0.01%, 1%)"
T6996C,2019-12-30,2020-01-29,30,0.0104559782899097,589,"[0.01%, 1%)"
T8983G,2020-01-14,2020-03-10,56,0.113648850614604,6402,"[0.01%, 1%)"
