collection_date,mutation_name,mutation_str,pos,ref,alt,count_of_seqs,fraction,fraction_corrected,per_abundance
2020-01-01,A23403G,1|23403|A|G,23403,A,G,11692133,1.8290071413688176,0.9958765116951556,99.58765116951555
2020-03-12,C22995A,1|22995|C|A,22995,C,A,9139297,1.4296655263920288,0.7784389055192923,77.84389055192923
2020-01-01,C23604A,1|23604|C|A,23604,C,A,6640605,1.0387936887144098,0.5656130102989256,56.56130102989256
2020-02-07,A23063T,1|23063|A|T,23063,A,T,6363684,0.99547477619477,0.5420262858325572,54.202628583255716
2020-03-03,G21987A,1|21987|G|A,21987,G,A,6103063,0.9547056821217994,0.5198279125883849,51.98279125883849
2020-01-27,C23525T,1|23525|C|T,23525,C,T,5679603,0.8884635889054427,0.48375974028462904,48.375974028462906
2020-01-26,T22917G,1|22917|T|G,22917,T,G,5560536,0.8698378690901309,0.47361821789363273,47.361821789363276
2020-01-27,T24469A,1|24469|T|A,24469,T,A,5559323,0.8696481187971364,0.47351490071372326,47.351490071372325
2020-01-27,A24424T,1|24424|A|T,24424,A,T,5555567,0.8690605655403456,0.47319498370816687,47.31949837081669
2020-03-28,T23599G,1|23599|T|G,23599,T,G,5552408,0.8685664013395463,0.4729259161308099,47.292591613080994
2020-01-27,G23948T,1|23948|G|T,23948,G,T,5532430,0.8654412312212911,0.4712242915469427,47.12242915469427
2020-01-23,C25000T,1|25000|C|T,25000,C,T,5460121,0.8541298924445907,0.46506537814045257,46.50653781404526
2020-03-05,G22578A,1|22578|G|A,22578,G,A,5389122,0.8430234777271012,0.4590180438812679,45.90180438812679
2020-01-01,G22992A,1|22992|G|A,22992,G,A,5365262,0.8392910440990318,0.4569857702517217,45.69857702517217
2020-01-27,C23854A,1|23854|C|A,23854,C,A,5339697,0.8352918963328292,0.4548082733808354,45.48082733808354
2020-03-03,A23013C,1|23013|A|C,23013,A,C,5293524,0.8280690271832547,0.4508754917254693,45.08754917254693
2020-03-28,T22679C,1|22679|T|C,22679,T,C,5261401,0.8230440076763614,0.44813941771868343,44.81394177186834
2020-03-28,C22686T,1|22686|C|T,22686,C,T,5243181,0.8201938425169555,0.44658753064700146,44.65875306470014
2020-03-28,T23075C,1|23075|T|C,23075,T,C,5210684,0.8151103179733105,0.4438196012195345,44.38196012195345
2020-03-28,C22674T,1|22674|C|T,22674,C,T,5207536,0.8146178745088862,0.4435514705663153,44.35514705663153
2020-03-28,A23055G,1|23055|A|G,23055,A,G,5168679,0.8085394514793014,0.44024182863742695,44.024182863742695
2020-02-01,G22813T,1|22813|G|T,22813,G,T,4751065,0.7432118514309957,0.40467158892538635,40.467158892538635
2020-03-01,T22882G,1|22882|T|G,22882,T,G,4674095,0.7311713897230115,0.3981156752092854,39.81156752092854
2020-03-03,C23604G,1|23604|C|G,23604,C,G,3885426,0.607799440979681,0.3309408549603106,33.09408549603106
2020-03-12,C21618G,1|21618|C|G,21618,C,G,3854140,0.6029053538678713,0.3282760723629099,32.82760723629099
2020-03-01,G24410A,1|24410|G|A,24410,G,A,3721656,0.5821808049667335,0.31699175804871066,31.699175804871064
2020-03-01,C21618T,1|21618|C|T,21618,C,T,3595248,0.5624067282669432,0.3062249665581964,30.622496655819642
2020-03-28,G22775A,1|22775|G|A,22775,G,A,3530229,0.5522357684151643,0.30068697833022234,30.068697833022235
2020-03-28,A22688G,1|22688|A|G,22688,A,G,3520233,0.5506720883419798,0.2998355698138374,29.983556981383742
2020-01-10,C21846T,1|21846|C|T,21846,C,T,3459036,0.541099006165242,0.2946231201362458,29.46231201362458
2020-03-28,A22786C,1|22786|A|C,22786,A,C,3349195,0.523916514876861,0.28526742157199686,28.526742157199685
2020-03-28,T22200G,1|22200|T|G,22200,T,G,3328094,0.5206156732177708,0.2834701455511648,28.34701455511648
2020-03-28,A23040G,1|23040|A|G,23040,A,G,3283744,0.5136779770147164,0.2796926377778885,27.96926377778885
2020-01-27,C23202A,1|23202|C|A,23202,C,A,1950432,0.305107208133389,0.16612789270004075,16.612789270004075
2020-01-25,C24130A,1|24130|C|A,24130,C,A,1944255,0.304140936443507,0.1656017672092735,16.56017672092735
2020-01-27,C24503T,1|24503|C|T,24503,C,T,1943280,0.3039884166284454,0.16551872166070655,16.551872166070655
2020-03-12,C21762T,1|21762|C|T,21762,C,T,1934305,0.3025844521769818,0.16475427673928256,16.475427673928255
2020-05-30,G23048A,1|23048|G|A,23048,G,A,1782762,0.2788784928601955,0.151846613594173,15.184661359417301
2020-04-04,G22898A,1|22898|G|A,22898,G,A,1768975,0.2767217844599359,0.1506723069499755,15.06723069499755
2020-04-05,T22673C,1|22673|T|C,22673,T,C,1710522,0.2675779477934841,0.14569357725727383,14.569357725727382
2020-03-31,T23018G,1|23018|T|G,23018,T,G,1615838,0.2527664747993465,0.13762887497982418,13.762887497982417
2020-02-07,C23709T,1|23709|C|T,23709,C,T,1027745,0.1607707459798905,0.08753809980712139,8.75380998071214
2020-02-07,C23271A,1|23271|C|A,23271,C,A,1018118,0.1592647887905601,0.08671812083680953,8.671812083680953
2020-02-07,T24506G,1|24506|T|G,24506,T,G,1017157,0.1591144590036123,0.08663626773714508,8.663626773714508
2020-02-07,G24914C,1|24914|G|C,24914,G,C,1016650,0.1590351486997803,0.08659308405189027,8.659308405189027
2020-04-11,G22599A,1|22599|G|A,22599,G,A,997638,0.1560610905213706,0.08497373844229549,8.497373844229548
2020-06-18,G22599C,1|22599|G|C,22599,G,C,746535,0.1167809027045595,0.06358606010197994,6.3586060101979935
2020-03-18,C22792T,1|22792|C|T,22792,C,T,579039,0.0905794063522078,0.049319601432471834,4.931960143247183
2020-01-01,C22227T,1|22227|C|T,22227,C,T,563858,0.0882046337240552,0.04802656094755397,4.802656094755397
2020-04-18,T22942G,1|22942|T|G,22942,T,G,385429,0.0602928818454803,0.0328288848601151,3.28288848601151
2020-03-01,C21595T,1|21595|C|T,21595,C,T,383403,0.0599759534913115,0.03265632046893905,3.265632046893905
2020-05-25,G22577C,1|22577|G|C,22577,G,C,370167,0.0579054383403841,0.03152894520654705,3.1528945206547054
2020-10-15,A22893C,1|22893|A|C,22893,A,C,332122,0.0519540369413942,0.028288465314003735,2.8288465314003735
2020-04-01,T23031C,1|23031|T|C,23031,T,C,323162,0.0505524189486238,0.027525298016403837,2.752529801640384
2020-04-18,T23019C,1|23019|T|C,23019,T,C,303176,0.0474259973857321,0.025822992033163707,2.5822992033163708
2020-05-25,T22942A,1|22942|T|A,22942,T,A,292920,0.0458216453618646,0.024949438037160966,2.4949438037160965
2020-03-26,C24208T,1|24208|C|T,24208,C,T,269650,0.0421815057757298,0.022967417611363016,2.2967417611363015
2020-03-11,T22896C,1|22896|T|C,22896,T,C,255791,0.0400135343737426,0.02178697837280978,2.178697837280978
2020-05-25,T22200A,1|22200|T|A,22200,T,A,254491,0.0398101746203273,0.02167625097472051,2.167625097472051
2020-03-01,C22000A,1|22000|C|A,22000,C,A,252744,0.039536890397853,0.02152745038667285,2.152745038667285
2020-05-25,C22109G,1|22109|C|G,22109,C,G,250018,0.0391104606379989,0.02129526355037181,2.129526355037181
2020-05-07,T21810C,1|21810|T|C,21810,T,C,248229,0.0388306063311835,0.02114288561561665,2.1142885615616653
2020-05-22,C22664A,1|22664|C|A,22664,C,A,245758,0.0384440663691148,0.02093241838432543,2.093241838432543
2020-12-28,G22895C,1|22895|G|C,22895,G,C,241455,0.03777094558531,0.020565910696649942,2.0565910696649943
2020-02-01,C23664T,1|23664|C|T,23664,C,T,239219,0.0374211668094356,0.020375459571936396,2.0375459571936396
2020-01-14,G23012A,1|23012|G|A,23012,G,A,228122,0.0356852566681663,0.019430273466862057,1.9430273466862058
2020-01-28,C21614T,1|21614|C|T,21614,C,T,223041,0.0348904328934714,0.018997499690176223,1.8997499690176223
2020-04-28,T23018C,1|23018|T|C,23018,T,C,219085,0.0342715935207705,0.01866054770029841,1.8660547700298409
2020-02-28,C23673T,1|23673|C|T,23673,C,T,209595,0.0327870673208384,0.017852237694246733,1.7852237694246733
2020-01-01,C21575T,1|21575|C|T,21575,C,T,208267,0.0325793275111957,0.01773912539835246,1.773912539835246
2020-03-11,C21721T,1|21721|C|T,21721,C,T,191676,0.0299839877658772,0.016325988273968542,1.6325988273968541
2020-03-06,T22917A,1|22917|T|A,22917,T,A,190903,0.0298630669278848,0.01626014805956623,1.6260148059566228
2020-04-26,G22317T,1|22317|G|T,22317,G,T,178367,0.0279020531826427,0.015192395242299228,1.5192395242299228
2020-03-01,T21995C,1|21995|T|C,21995,T,C,134310,0.0210101911393965,0.011439843721053835,1.1439843721053835
2020-02-24,C22033A,1|22033|C|A,22033,C,A,132395,0.0207106265795577,0.011276733746176179,1.127673374617618
2020-02-10,G25088T,1|25088|G|T,25088,G,T,132306,0.0206967042579778,0.011269153178153144,1.1269153178153144
2020-03-01,A22812C,1|22812|A|C,22812,A,C,126082,0.0197230803308569,0.010739024466070357,1.0739024466070357
2020-03-01,C21638T,1|21638|C|T,21638,C,T,125903,0.0196950792571174,0.01072377815510268,1.0723778155102681
2020-06-10,A22001G,1|22001|A|G,22001,A,G,121844,0.0190601275347228,0.010378053148299333,1.0378053148299333
2020-04-27,T22016C,1|22016|T|C,22016,T,C,121290,0.018973464993652,0.010330866241728983,1.0330866241728984
2020-03-01,C24642T,1|24642|C|T,24642,C,T,121268,0.0189700235209019,0.010328992393453626,1.0328992393453627
2020-03-01,G22331A,1|22331|G|A,22331,G,A,121117,0.0189464025033898,0.010316130980290949,1.031613098029095
2020-01-29,G21974T,1|21974|G|T,21974,G,T,120112,0.0187891897709418,0.010230530184075782,1.0230530184075781
2020-05-25,A22190G,1|22190|A|G,22190,A,G,119462,0.0186875098942341,0.010175166485031147,1.0175166485031146
2020-02-28,C24130T,1|24130|C|T,24130,C,T,118371,0.0185168441319448,0.010082240645557766,1.0082240645557765
2020-03-01,C21621A,1|21621|C|A,21621,C,A,109700,0.0171604345766644,0.009343688900302329,0.9343688900302328
2020-03-01,G22132T,1|22132|G|T,22132,G,T,108243,0.0169325152222596,0.009219589039520738,0.9219589039520738
2020-02-07,C25339T,1|25339|C|T,25339,C,T,92251,0.0144308773940918,0.00785747169317949,0.7857471693179491
2020-03-15,G24620T,1|24620|G|T,24620,G,T,88847,0.0138983877013026,0.007567536260028815,0.7567536260028815
2020-03-01,G25352T,1|25352|G|T,25352,G,T,86220,0.0134874445688241,0.0073437817409668805,0.734378174096688
2020-03-16,T23284C,1|23284|T|C,23284,T,C,86052,0.0134611642314596,0.007329472354136882,0.7329472354136882
2020-03-04,G24928T,1|24928|G|T,24928,G,T,71320,0.0111566289335251,0.00607467540902062,0.607467540902062
2020-04-03,C21897T,1|21897|C|T,21897,C,T,69577,0.010883970433369,0.00592621552065939,0.592621552065939
2020-07-01,A23535G,1|23535|A|G,23535,A,G,65740,0.0102837462996346,0.005599399346452826,0.5599399346452826
2020-03-11,G23401T,1|23401|G|T,23401,G,T,64451,0.0100821072825943,0.005489608872501234,0.5489608872501234
2020-01-26,G21600T,1|21600|G|T,21600,G,T,63003,0.0098555958034055,0.005366275586014107,0.5366275586014108
2020-01-28,A22320G,1|22320|A|G,22320,A,G,62159,0.0097235683942651,0.0052943879521776885,0.5294387952177688
2020-01-14,G22018T,1|22018|G|T,22018,G,T,61535,0.0096259557126257,0.0052412388010948385,0.5241238801094839
2020-03-14,G24872T,1|24872|G|T,24872,G,T,60053,0.0093941255937322,0.00511500956727307,0.511500956727307
2020-03-10,G22801T,1|22801|G|T,22801,G,T,58657,0.00917574850468,0.004996105376709514,0.4996105376709514
